battery_id,cycle,voltage,temperature,capacity,soh,rul,health_label,degradation_pct
B0005,1,3.53278,32.5369,1.86198,1,167,Healthy,0
B0005,2,3.54297,32.6436,1.85186,0.994568,166,Healthy,0.54
B0005,3,3.55306,32.5225,1.84081,0.988631,165,Healthy,1.14
B0005,4,3.54585,32.4921,1.85006,0.993599,164,Healthy,0.64
B0005,5,3.54446,32.3686,1.84943,0.993263,163,Healthy,0.67
B0005,6,3.55552,32.2512,1.84114,0.988808,162,Healthy,1.12
B0005,7,3.55039,32.3662,1.84062,0.988531,161,Healthy,1.15
B0005,8,3.55744,32.3675,1.83116,0.983452,160,Healthy,1.65
B0005,9,3.5535,32.3396,1.83955,0.987953,159,Healthy,1.2
B0005,10,3.55789,32.1912,1.83002,0.982837,158,Healthy,1.72
B0005,11,3.55635,32.0681,1.83,0.982827,157,Healthy,1.72
B0005,12,3.56047,32.3477,1.82899,0.982285,156,Healthy,1.77
B0005,13,3.56036,32.2836,1.8191,0.976971,155,Healthy,2.3
B0005,14,3.56643,32.0159,1.81881,0.976814,154,Healthy,2.32
B0005,15,3.56563,32,1.8173,0.976005,153,Healthy,2.4
B0005,16,3.55999,31.9346,1.7969,0.965047,152,Healthy,3.5
B0005,17,3.55861,31.9581,1.81733,0.976024,151,Healthy,2.4
B0005,18,3.55912,31.965,1.80842,0.971235,150,Healthy,2.88
B0005,19,3.56428,31.875,1.80814,0.971085,149,Healthy,2.89
B0005,20,3.56324,32.2468,1.85238,0.994844,148,Healthy,0.52
B0005,21,3.5598,32.6225,1.86215,1.00009,147,Healthy,-0.01
B0005,22,3.56149,32.2641,1.84155,0.989028,146,Healthy,1.1
B0005,23,3.56403,31.9485,1.84052,0.988474,145,Healthy,1.15
B0005,24,3.55969,31.8554,1.81997,0.977442,144,Healthy,2.26
B0005,25,3.5576,31.7919,1.84033,0.988376,143,Healthy,1.16
B0005,26,3.56591,31.6536,1.82873,0.982142,142,Healthy,1.79
B0005,27,3.56284,31.561,1.82012,0.977523,141,Healthy,2.25
B0005,28,3.55683,31.5656,1.81933,0.977096,140,Healthy,2.29
B0005,29,3.56829,31.5058,1.80812,0.971074,139,Healthy,2.89
B0005,30,3.56695,31.5007,1.80939,0.971758,138,Healthy,2.82
B0005,31,3.55558,31.9375,1.85997,0.998924,137,Healthy,0.11
B0005,32,3.56625,32.019,1.83361,0.984764,136,Healthy,1.52
B0005,33,3.56515,31.803,1.82283,0.978974,135,Healthy,2.1
B0005,34,3.56466,31.3901,1.81217,0.973253,134,Healthy,2.67
B0005,35,3.56383,31.3226,1.80753,0.970757,133,Healthy,2.92
B0005,36,3.55794,31.9243,1.80752,0.970754,132,Healthy,2.92
B0005,37,3.56066,31.6118,1.78569,0.959028,131,Healthy,4.1
B0005,38,3.55862,31.447,1.79106,0.961914,130,Healthy,3.81
B0005,39,3.5581,31.276,1.78119,0.956614,129,Healthy,4.34
B0005,40,3.55513,31.5256,1.77597,0.953807,128,Healthy,4.62
B0005,41,3.56241,32.0114,1.77078,0.951024,127,Healthy,4.9
B0005,42,3.55576,32.2541,1.75956,0.944994,126,Healthy,5.5
B0005,43,3.56081,31.8068,1.77296,0.952192,125,Healthy,4.78
B0005,44,3.5571,31.692,1.76561,0.948244,124,Healthy,5.18
B0005,45,3.54917,31.4421,1.75986,0.945156,123,Healthy,5.48
B0005,46,3.55265,31.2994,1.74478,0.937056,122,Healthy,6.29
B0005,47,3.55191,31.3054,1.739,0.933952,121,Healthy,6.6
B0005,48,3.56486,34.2426,1.79653,0.964851,120,Healthy,3.51
B0005,49,3.56294,33.4245,1.78608,0.959238,119,Healthy,4.08
B0005,50,3.55898,32.6529,1.77028,0.950753,118,Healthy,4.92
B0005,51,3.55845,32.2014,1.75996,0.945211,117,Healthy,5.48
B0005,52,3.55263,31.9722,1.74408,0.936682,116,Healthy,6.33
B0005,53,3.54886,32.0679,1.74463,0.936975,115,Healthy,6.3
B0005,54,3.54967,32.4119,1.74459,0.936955,114,Healthy,6.3
B0005,55,3.55041,32.0752,1.73454,0.93156,113,Healthy,6.84
B0005,56,3.54948,31.99,1.7187,0.923052,112,Healthy,7.69
B0005,57,3.55063,31.8504,1.71344,0.920228,111,Healthy,7.98
B0005,58,3.54429,32.1735,1.70898,0.91783,110,Healthy,8.22
B0005,59,3.54391,32.5485,1.69759,0.911713,109,Healthy,8.83
B0005,60,3.53995,32.3664,1.69184,0.908627,108,Healthy,9.14
B0005,61,3.54404,32.2214,1.6878,0.906456,107,Healthy,9.35
B0005,62,3.54164,32.0943,1.67746,0.900902,106,Healthy,9.91
B0005,63,3.5389,32.2892,1.67187,0.897899,105,Warning,10.21
B0005,64,3.54222,32.1762,1.67195,0.897946,104,Warning,10.21
B0005,65,3.53925,32.5368,1.66718,0.895382,103,Warning,10.46
B0005,66,3.53525,32.415,1.65683,0.889822,102,Warning,11.02
B0005,67,3.53799,32.2579,1.64563,0.883807,101,Warning,11.62
B0005,68,3.53071,32.3445,1.64608,0.884049,100,Warning,11.6
B0005,69,3.52894,32.4228,1.63,0.875414,99,Warning,12.46
B0005,70,3.53237,32.4085,1.63071,0.875795,98,Warning,12.42
B0005,71,3.52996,32.3843,1.62505,0.872756,97,Warning,12.72
B0005,72,3.52899,32.4163,1.61429,0.866977,96,Warning,13.3
B0005,73,3.52799,32.3786,1.60949,0.864399,95,Warning,13.56
B0005,74,3.52412,32.4217,1.60977,0.864552,94,Warning,13.54
B0005,75,3.52567,32.3645,1.59336,0.855738,93,Warning,14.43
B0005,76,3.52372,32.3431,1.58876,0.853267,92,Warning,14.67
B0005,77,3.51992,32.2233,1.58788,0.852792,91,Warning,14.72
B0005,78,3.5274,32.7488,1.59844,0.858466,90,Warning,14.15
B0005,79,3.51668,32.3,1.57206,0.844296,89,Warning,15.57
B0005,80,3.51546,31.9894,1.56787,0.842047,88,Warning,15.8
B0005,81,3.51587,32.1026,1.56803,0.842132,87,Warning,15.79
B0005,82,3.51525,32.6094,1.56251,0.839167,86,Warning,16.08
B0005,83,3.51297,32.8749,1.55204,0.833545,85,Warning,16.65
B0005,84,3.51355,32.7223,1.55187,0.833454,84,Warning,16.65
B0005,85,3.51418,32.4186,1.54643,0.830533,83,Warning,16.95
B0005,86,3.51092,32.2673,1.53089,0.822187,82,Warning,17.78
B0005,87,3.51049,32.5498,1.53154,0.822536,81,Warning,17.75
B0005,88,3.51396,32.8677,1.52567,0.819384,80,Warning,18.06
B0005,89,3.51167,32.9536,1.52576,0.819431,79,Warning,18.06
B0005,90,3.52436,32.7441,1.60883,0.864044,78,Warning,13.6
B0005,91,3.51846,33.2445,1.56685,0.8415,77,Warning,15.85
B0005,92,3.51597,33.2625,1.55109,0.833034,76,Warning,16.7
B0005,93,3.5185,33.0364,1.53541,0.824611,75,Warning,17.54
B0005,94,3.51123,32.8716,1.53521,0.824507,74,Warning,17.55
B0005,95,3.50931,32.8926,1.51999,0.81633,73,Warning,18.37
B0005,96,3.5116,32.8004,1.51495,0.813627,72,Warning,18.64
B0005,97,3.50701,32.9496,1.50959,0.810748,71,Warning,18.93
B0005,98,3.50459,32.9603,1.50986,0.81089,70,Warning,18.91
B0005,99,3.50718,32.9761,1.49915,0.805137,69,Warning,19.49
B0005,100,3.50628,33.0767,1.48892,0.799646,68,Critical,20.04
B0005,101,3.5049,32.9697,1.48343,0.796699,67,Critical,20.33
B0005,102,3.506,32.9646,1.47823,0.793903,66,Critical,20.61
B0005,103,3.49777,33.1118,1.49419,0.802477,65,Warning,19.75
B0005,104,3.50897,33.6855,1.49913,0.805126,64,Warning,19.49
B0005,105,3.50161,33.5761,1.48912,0.799754,63,Critical,20.02
B0005,106,3.50468,33.4326,1.47275,0.79096,62,Critical,20.9
B0005,107,3.49822,33.1827,1.45695,0.782473,61,Critical,21.75
B0005,108,3.49857,33.2699,1.4572,0.782611,60,Critical,21.74
B0005,109,3.49439,33.5481,1.46333,0.7859,59,Critical,21.41
B0005,110,3.49888,33.6955,1.45209,0.779867,58,Critical,22.01
B0005,111,3.5001,33.3659,1.44168,0.774273,57,Critical,22.57
B0005,112,3.49466,33.3511,1.4365,0.771492,56,Critical,22.85
B0005,113,3.49352,33.5765,1.43644,0.771461,55,Critical,22.85
B0005,114,3.49585,33.8019,1.43108,0.768581,54,Critical,23.14
B0005,115,3.49678,33.6539,1.42595,0.765828,53,Critical,23.42
B0005,116,3.49316,33.468,1.42045,0.762875,52,Critical,23.71
B0005,117,3.4908,33.3207,1.41548,0.760203,51,Critical,23.98
B0005,118,3.48553,33.672,1.41564,0.76029,50,Critical,23.97
B0005,119,3.49207,33.956,1.41069,0.75763,49,Critical,24.24
B0005,120,3.49224,33.766,1.43648,0.771481,48,Critical,22.85
B0005,121,3.49639,34.0154,1.4413,0.774072,47,Critical,22.59
B0005,122,3.49516,33.6266,1.42041,0.762851,46,Critical,23.71
B0005,123,3.49117,33.2981,1.41527,0.760089,45,Critical,23.99
B0005,124,3.48716,33.3118,1.40948,0.756981,44,Critical,24.3
B0005,125,3.48982,33.1898,1.39975,0.751757,43,Critical,24.82
B0005,126,3.48195,33.323,1.38865,0.745796,42,Critical,25.42
B0005,127,3.48473,33.2577,1.38924,0.746112,41,Critical,25.39
B0005,128,3.48524,33.0597,1.38349,0.74302,40,Critical,25.7
B0005,129,3.48223,33.0782,1.37264,0.737198,39,Critical,26.28
B0005,130,3.48231,33.0815,1.37357,0.737692,38,Critical,26.23
B0005,131,3.4782,33.2104,1.37356,0.73769,37,Critical,26.23
B0005,132,3.47851,33.0631,1.37304,0.737408,36,Critical,26.26
B0005,133,3.48197,33.5842,1.37843,0.740306,35,Critical,25.97
B0005,134,3.49115,33.6903,1.38913,0.746051,34,Critical,25.39
B0005,135,3.48171,33.6416,1.36721,0.734277,33,Critical,26.57
B0005,136,3.47971,33.4672,1.37304,0.737409,32,Critical,26.26
B0005,137,3.48182,33.0722,1.35739,0.729007,31,Critical,27.1
B0005,138,3.47993,33.6102,1.36294,0.731986,30,Critical,26.8
B0005,139,3.47563,33.7946,1.35776,0.729203,29,Critical,27.08
B0005,140,3.47949,33.3963,1.35236,0.726303,28,Critical,27.37
B0005,141,3.47267,33.1711,1.34726,0.723565,27,Critical,27.64
B0005,142,3.47212,33.1912,1.34207,0.720776,26,Critical,27.92
B0005,143,3.47379,33.4495,1.34194,0.720705,25,Critical,27.93
B0005,144,3.47522,33.4512,1.33706,0.718086,24,Critical,28.19
B0005,145,3.47013,33.1936,1.33692,0.718012,23,Critical,28.2
B0005,146,3.46874,33.0236,1.33148,0.715092,22,Critical,28.49
B0005,147,3.46838,33.0677,1.32127,0.709606,21,Critical,29.04
B0005,148,3.47345,33.3266,1.32159,0.70978,20,Critical,29.02
B0005,149,3.46954,33.2694,1.32136,0.709656,19,Critical,29.03
B0005,150,3.4677,32.8819,1.32694,0.712652,18,Critical,28.73
B0005,151,3.47168,33.3239,1.35752,0.729077,17,Critical,27.09
B0005,152,3.47554,33.3214,1.34791,0.723913,16,Critical,27.61
B0005,153,3.47779,33.0536,1.33213,0.715439,15,Critical,28.46
B0005,154,3.47269,33.1301,1.32676,0.712555,14,Critical,28.74
B0005,155,3.46685,33.1813,1.31604,0.706797,13,Critical,29.32
B0005,156,3.47326,33.0847,1.31655,0.707069,12,Critical,29.29
B0005,157,3.46283,33.0512,1.31063,0.703894,11,Critical,29.61
B0005,158,3.46864,32.9708,1.31619,0.706878,10,Critical,29.31
B0005,159,3.46964,33.0569,1.30615,0.701486,9,Critical,29.85
B0005,160,3.46556,33.1332,1.31169,0.704459,8,Critical,29.55
B0005,161,3.46568,33.1306,1.30649,0.701667,7,Critical,29.83
B0005,162,3.46606,33.1848,1.30624,0.701537,6,Critical,29.85
B0005,163,3.46255,33.2377,1.30125,0.698852,5,Critical,30.11
B0005,164,3.46613,33.2177,1.2966,0.696357,4,Critical,30.36
B0005,165,3.46936,33.155,1.29113,0.693422,3,Critical,30.66
B0005,166,3.46068,33.288,1.29577,0.695911,2,Critical,30.41
B0005,167,3.47044,33.588,1.31211,0.704686,1,Critical,29.53
B0005,168,3.47572,33.6446,1.3282,0.713328,0,Critical,28.67
B0006,1,3.55377,32.1829,2.06137,1,154,Healthy,0
B0006,2,3.56148,32.2931,2.04187,0.990543,153,Healthy,0.95
B0006,3,3.56675,32.2441,2.03002,0.984793,152,Healthy,1.52
B0006,4,3.56564,32.186,2.02795,0.983791,151,Healthy,1.62
B0006,5,3.56397,32.0669,2.01722,0.978585,150,Healthy,2.14
B0006,6,3.57355,32.0345,2.03057,0.985059,149,Healthy,1.49
B0006,7,3.57114,32.1116,2.02974,0.984657,148,Healthy,1.53
B0006,8,3.56815,32.1126,1.98542,0.963157,147,Healthy,3.68
B0006,9,3.56928,32.0357,1.97342,0.957338,146,Healthy,4.27
B0006,10,3.56014,32.0349,1.98311,0.962036,145,Healthy,3.8
B0006,11,3.56666,31.8741,1.96213,0.951859,144,Healthy,4.81
B0006,12,3.5687,32.121,1.94002,0.941136,143,Healthy,5.89
B0006,13,3.56921,32.1102,1.92855,0.935571,142,Healthy,6.44
B0006,14,3.56593,31.9891,1.92842,0.935506,141,Healthy,6.45
B0006,15,3.56124,31.8788,1.91759,0.930252,140,Healthy,6.97
B0006,16,3.55788,31.7675,1.90574,0.924503,139,Healthy,7.55
B0006,17,3.55945,31.8308,1.90407,0.923693,138,Healthy,7.63
B0006,18,3.55579,31.87,1.89338,0.918509,137,Healthy,8.15
B0006,19,3.55809,31.8904,1.87287,0.90856,136,Healthy,9.14
B0006,20,3.56271,31.5484,2.00554,0.972919,135,Healthy,2.71
B0006,21,3.57081,31.8745,1.97423,0.957729,134,Healthy,4.23
B0006,22,3.56668,31.5391,1.96238,0.951979,133,Healthy,4.8
B0006,23,3.56356,31.2585,1.95024,0.946089,132,Healthy,5.39
B0006,24,3.57105,31.119,1.95124,0.946578,131,Healthy,5.34
B0006,25,3.56663,31.0332,1.90669,0.924964,130,Healthy,7.5
B0006,26,3.55274,31.0012,1.89517,0.919375,129,Healthy,8.06
B0006,27,3.5561,30.9214,1.88479,0.914343,128,Healthy,8.57
B0006,28,3.55441,30.8945,1.87243,0.908345,127,Healthy,9.17
B0006,29,3.5457,31.0149,1.85988,0.902255,126,Healthy,9.77
B0006,30,3.55832,30.9317,1.87371,0.908964,125,Healthy,9.1
B0006,31,3.55586,31.101,1.93311,0.937783,124,Healthy,6.22
B0006,32,3.55547,31.291,1.89047,0.917097,123,Healthy,8.29
B0006,33,3.54526,31.1313,1.86883,0.906598,122,Healthy,9.34
B0006,34,3.53981,30.813,1.85277,0.898806,121,Warning,10.12
B0006,35,3.53452,30.7125,1.83204,0.888749,120,Warning,11.13
B0006,36,3.53149,31.2867,1.82705,0.886328,119,Warning,11.37
B0006,37,3.52618,31.0484,1.81065,0.878373,118,Warning,12.16
B0006,38,3.52054,30.9501,1.79456,0.870567,117,Warning,12.94
B0006,39,3.51832,30.7923,1.78462,0.865745,116,Warning,13.43
B0006,40,3.51309,31.088,1.77912,0.863077,115,Warning,13.69
B0006,41,3.51521,31.6786,1.76371,0.855605,114,Warning,14.44
B0006,42,3.50958,31.8756,1.75288,0.85035,113,Warning,14.96
B0006,43,3.51298,31.5118,1.77099,0.859133,112,Warning,14.09
B0006,44,3.51689,31.4076,1.78469,0.865783,111,Warning,13.42
B0006,45,3.5078,31.1263,1.74721,0.847598,110,Warning,15.24
B0006,46,3.50212,31.1391,1.72672,0.837661,109,Warning,16.23
B0006,47,3.50163,31.1393,1.7158,0.832363,108,Warning,16.76
B0006,48,3.53892,33.6155,1.84243,0.893793,107,Warning,10.62
B0006,49,3.5309,32.8768,1.82696,0.886286,106,Warning,11.37
B0006,50,3.52381,32.1779,1.78929,0.868014,105,Warning,13.2
B0006,51,3.51131,31.9353,1.7581,0.85288,104,Warning,14.71
B0006,52,3.51135,31.6809,1.74264,0.84538,103,Warning,15.46
B0006,53,3.50357,31.8426,1.72153,0.835141,102,Warning,16.49
B0006,54,3.49801,32.2293,1.71098,0.830022,101,Warning,17
B0006,55,3.49558,32.0247,1.69555,0.822539,100,Warning,17.75
B0006,56,3.49111,31.9829,1.68493,0.817383,99,Warning,18.26
B0006,57,3.48512,31.9346,1.67425,0.812204,98,Warning,18.78
B0006,58,3.47553,32.2608,1.66469,0.807568,97,Warning,19.24
B0006,59,3.47669,32.5846,1.65884,0.804731,96,Warning,19.53
B0006,60,3.47363,32.4671,1.64266,0.796881,95,Critical,20.31
B0006,61,3.47453,32.3869,1.6224,0.787052,94,Critical,21.29
B0006,62,3.46323,32.2576,1.62229,0.786999,93,Critical,21.3
B0006,63,3.46433,32.5826,1.61251,0.782253,92,Critical,21.77
B0006,64,3.45829,32.2704,1.60115,0.776743,91,Critical,22.33
B0006,65,3.46275,32.4633,1.59644,0.774458,90,Critical,22.55
B0006,66,3.45384,32.3937,1.58067,0.766809,89,Critical,23.32
B0006,67,3.45212,32.2818,1.57488,0.764,88,Critical,23.6
B0006,68,3.45078,32.3544,1.56475,0.759085,87,Critical,24.09
B0006,69,3.44668,32.4168,1.55959,0.75658,86,Critical,24.34
B0006,70,3.44201,32.5037,1.54419,0.749108,85,Critical,25.09
B0006,71,3.44572,32.4684,1.54378,0.74891,84,Critical,25.11
B0006,72,3.44104,32.5023,1.53828,0.746244,83,Critical,25.38
B0006,73,3.44132,32.5708,1.52813,0.741321,82,Critical,25.87
B0006,74,3.43854,32.5693,1.52294,0.738799,81,Critical,26.12
B0006,75,3.43761,32.5439,1.51758,0.736202,80,Critical,26.38
B0006,76,3.43875,32.4896,1.50706,0.731099,79,Critical,26.89
B0006,77,3.43037,32.6239,1.50643,0.730794,78,Critical,26.92
B0006,78,3.44217,33.1428,1.54901,0.75145,77,Critical,24.86
B0006,79,3.4394,32.5876,1.51767,0.736247,76,Critical,26.38
B0006,80,3.42753,32.5019,1.50755,0.731334,75,Critical,26.87
B0006,81,3.43157,32.6208,1.49182,0.723703,74,Critical,27.63
B0006,82,3.43133,33.1418,1.49211,0.723844,73,Critical,27.62
B0006,83,3.43173,33.3618,1.48688,0.721311,72,Critical,27.87
B0006,84,3.42685,33.2966,1.48113,0.718519,71,Critical,28.15
B0006,85,3.42374,33.0408,1.47052,0.713373,70,Critical,28.66
B0006,86,3.42114,32.8741,1.46553,0.710951,69,Critical,28.9
B0006,87,3.42436,33.1855,1.4608,0.708656,68,Critical,29.13
B0006,88,3.42289,33.5059,1.46058,0.70855,67,Critical,29.14
B0006,89,3.42444,33.5703,1.45522,0.705951,66,Critical,29.4
B0006,90,3.45132,33.1874,1.60715,0.779651,65,Critical,22.03
B0006,91,3.44866,33.3515,1.55985,0.756706,64,Critical,24.33
B0006,92,3.43803,33.3882,1.53349,0.743918,63,Critical,25.61
B0006,93,3.43581,33.2344,1.51251,0.733744,62,Critical,26.63
B0006,94,3.42984,33.1539,1.50193,0.728608,61,Critical,27.14
B0006,95,3.42669,33.0777,1.48664,0.721193,60,Critical,27.88
B0006,96,3.42877,33.1321,1.47639,0.716219,59,Critical,28.38
B0006,97,3.4246,33.2063,1.47069,0.713455,58,Critical,28.65
B0006,98,3.42252,33.2355,1.46051,0.708518,57,Critical,29.15
B0006,99,3.42266,33.2654,1.45499,0.70584,56,Critical,29.42
B0006,100,3.42053,33.3097,1.45006,0.703446,55,Critical,29.66
B0006,101,3.41489,33.4331,1.45008,0.703456,54,Critical,29.65
B0006,102,3.41626,33.4044,1.4393,0.698228,53,Critical,30.18
B0006,103,3.41675,33.6983,1.43955,0.698348,52,Critical,30.17
B0006,104,3.42879,33.9907,1.46584,0.7111,51,Critical,28.89
B0006,105,3.42535,33.9642,1.44519,0.701083,50,Critical,29.89
B0006,106,3.41683,33.8501,1.43389,0.695604,49,Critical,30.44
B0006,107,3.41733,33.6469,1.42337,0.6905,48,Critical,30.95
B0006,108,3.41733,33.7305,1.41856,0.688167,47,Critical,31.18
B0006,109,3.4195,33.9857,1.40887,0.683464,46,Critical,31.65
B0006,110,3.41966,34.1415,1.40817,0.683127,45,Critical,31.69
B0006,111,3.41119,33.951,1.4082,0.683139,44,Critical,31.69
B0006,112,3.41241,33.8285,1.39753,0.677964,43,Critical,32.2
B0006,113,3.40877,34.1008,1.39783,0.678107,42,Critical,32.19
B0006,114,3.41154,34.3675,1.39229,0.675422,41,Critical,32.46
B0006,115,3.41317,34.1848,1.38737,0.673034,40,Critical,32.7
B0006,116,3.40553,34.0117,1.38708,0.672893,39,Critical,32.71
B0006,117,3.40617,33.8914,1.38223,0.670542,38,Critical,32.95
B0006,118,3.41383,34.0783,1.37179,0.665478,37,Critical,33.45
B0006,119,3.40765,34.4866,1.37745,0.668223,36,Critical,33.18
B0006,120,3.41457,34.2005,1.39782,0.678105,35,Critical,32.19
B0006,121,3.4241,34.3385,1.41871,0.688238,34,Critical,31.18
B0006,122,3.41329,34.1409,1.3976,0.677998,33,Critical,32.2
B0006,123,3.41357,33.8122,1.3819,0.670381,32,Critical,32.96
B0006,124,3.40804,33.8253,1.37618,0.667608,31,Critical,33.24
B0006,125,3.41088,33.7993,1.36619,0.66276,30,Critical,33.72
B0006,126,3.40435,33.7978,1.36105,0.660266,29,Critical,33.97
B0006,127,3.40946,33.7202,1.35582,0.65773,28,Critical,34.23
B0006,128,3.4069,33.6333,1.35012,0.654962,27,Critical,34.5
B0006,129,3.41019,33.588,1.33955,0.649836,26,Critical,35.02
B0006,130,3.40288,33.6337,1.3404,0.650248,25,Critical,34.98
B0006,131,3.40412,33.6168,1.34008,0.650095,24,Critical,34.99
B0006,132,3.40517,33.6291,1.32923,0.644831,23,Critical,35.52
B0006,133,3.40652,33.9378,1.33459,0.647431,22,Critical,35.26
B0006,134,3.4136,33.8397,1.36635,0.662839,21,Critical,33.72
B0006,135,3.41623,33.5192,1.33962,0.649872,20,Critical,35.01
B0006,136,3.4041,33.4171,1.33419,0.647235,19,Critical,35.28
B0006,137,3.40821,33.1476,1.31886,0.639798,18,Critical,36.02
B0006,138,3.40606,33.5409,1.31928,0.640004,17,Critical,36
B0006,139,3.4094,33.7428,1.31914,0.639935,16,Critical,36.01
B0006,140,3.40551,33.5258,1.3085,0.634773,15,Critical,36.52
B0006,141,3.40195,33.2691,1.30354,0.632369,14,Critical,36.76
B0006,142,3.40961,33.0942,1.2929,0.627208,13,Critical,37.28
B0006,143,3.40593,33.4015,1.29294,0.627226,12,Critical,37.28
B0006,144,3.40597,33.4356,1.29303,0.627268,11,Critical,37.27
B0006,145,3.4068,33.1816,1.27738,0.619678,10,Critical,38.03
B0006,146,3.40527,32.9151,1.27178,0.616959,9,Critical,38.3
B0006,147,3.40143,32.949,1.27747,0.61972,8,Critical,38.03
B0006,148,3.40502,33.2665,1.27216,0.617142,7,Critical,38.29
B0006,149,3.40661,33.1858,1.26184,0.612139,6,Critical,38.79
B0006,150,3.41004,33.0715,1.26714,0.614711,5,Critical,38.53
B0006,151,3.41831,33.7646,1.30356,0.632375,4,Critical,36.76
B0006,152,3.41396,33.7854,1.27726,0.619621,3,Critical,38.04
B0006,153,3.41059,33.6531,1.26694,0.614614,2,Critical,38.54
B0006,154,3.41173,33.5636,1.25106,0.606908,1,Critical,39.31
B0006,155,3.40608,33.5449,1.24599,0.604449,0,Critical,39.56
B0007,1,3.5253,32.5858,1.91866,1,167,Healthy,0
B0007,2,3.53409,32.7182,1.90826,0.994581,166,Healthy,0.54
B0007,3,3.5344,32.6851,1.90827,0.994584,165,Healthy,0.54
B0007,4,3.53492,32.5547,1.90844,0.994676,164,Healthy,0.53
B0007,5,3.53738,32.4345,1.90697,0.993905,163,Healthy,0.61
B0007,6,3.54116,32.4862,1.89724,0.988839,162,Healthy,1.12
B0007,7,3.54355,32.5306,1.89641,0.988403,161,Healthy,1.16
B0007,8,3.54946,32.4537,1.89793,0.989197,160,Healthy,1.08
B0007,9,3.54967,32.383,1.89701,0.988718,159,Healthy,1.13
B0007,10,3.54469,32.3483,1.89762,0.989036,158,Healthy,1.1
B0007,11,3.54843,32.1833,1.89748,0.988962,157,Healthy,1.1
B0007,12,3.55604,32.3789,1.88712,0.983564,156,Healthy,1.64
B0007,13,3.55703,32.3342,1.88658,0.983281,155,Healthy,1.67
B0007,14,3.55629,32.1478,1.88637,0.98317,154,Healthy,1.68
B0007,15,3.56477,32.0138,1.87568,0.977599,153,Healthy,2.24
B0007,16,3.56198,31.9247,1.88438,0.982133,152,Healthy,1.79
B0007,17,3.56596,31.8543,1.8752,0.977349,151,Healthy,2.27
B0007,18,3.56904,31.9,1.8648,0.971928,150,Healthy,2.81
B0007,19,3.56995,31.8672,1.8647,0.97188,149,Healthy,2.81
B0007,20,3.54643,32.3522,1.90839,0.99465,148,Healthy,0.53
B0007,21,3.55704,32.5629,1.90902,0.994975,147,Healthy,0.5
B0007,22,3.56006,32.2012,1.89744,0.988939,146,Healthy,1.11
B0007,23,3.55613,31.8482,1.90778,0.994331,145,Healthy,0.57
B0007,24,3.55239,31.737,1.89763,0.989041,144,Healthy,1.1
B0007,25,3.57077,31.5171,1.88707,0.983537,143,Healthy,1.65
B0007,26,3.56572,31.4429,1.88706,0.983528,142,Healthy,1.65
B0007,27,3.56785,31.3661,1.87641,0.977979,141,Healthy,2.2
B0007,28,3.56797,31.2857,1.87553,0.977521,140,Healthy,2.25
B0007,29,3.56463,31.3319,1.87569,0.977605,139,Healthy,2.24
B0007,30,3.56898,31.3229,1.86555,0.972322,138,Healthy,2.77
B0007,31,3.56462,31.6084,1.90228,0.991462,137,Healthy,0.85
B0007,32,3.56595,31.8252,1.87617,0.977856,136,Healthy,2.21
B0007,33,3.56874,31.515,1.87116,0.975246,135,Healthy,2.48
B0007,34,3.56424,31.1387,1.86596,0.972533,134,Healthy,2.75
B0007,35,3.56353,31.0903,1.86112,0.970011,133,Healthy,3
B0007,36,3.56366,31.6402,1.86136,0.970135,132,Healthy,2.99
B0007,37,3.56044,31.3534,1.85067,0.964564,131,Healthy,3.54
B0007,38,3.56269,31.1547,1.8453,0.961764,130,Healthy,3.82
B0007,39,3.55981,30.9954,1.84066,0.959347,129,Healthy,4.07
B0007,40,3.56125,31.2217,1.83553,0.956673,128,Healthy,4.33
B0007,41,3.56115,31.7448,1.83057,0.954087,127,Healthy,4.59
B0007,42,3.56163,31.9233,1.83017,0.953882,126,Healthy,4.61
B0007,43,3.56045,31.5812,1.82943,0.953495,125,Healthy,4.65
B0007,44,3.56049,31.2466,1.8251,0.951237,124,Healthy,4.88
B0007,45,3.5567,30.9394,1.81463,0.94578,123,Healthy,5.42
B0007,46,3.55471,30.9302,1.79909,0.93768,122,Healthy,6.23
B0007,47,3.55614,30.9207,1.7991,0.937686,121,Healthy,6.23
B0007,48,3.569,33.8806,1.83408,0.955917,120,Healthy,4.41
B0007,49,3.57106,33.0383,1.83454,0.956157,119,Healthy,4.38
B0007,50,3.56669,32.2733,1.81914,0.948129,118,Healthy,5.19
B0007,51,3.56333,31.9379,1.80925,0.942978,117,Healthy,5.7
B0007,52,3.56113,31.6665,1.79912,0.937696,116,Healthy,6.23
B0007,53,3.55889,31.7563,1.79408,0.935072,115,Healthy,6.49
B0007,54,3.55501,32.1339,1.78903,0.932436,114,Healthy,6.76
B0007,55,3.55476,31.8672,1.77887,0.927142,113,Healthy,7.29
B0007,56,3.54719,31.8174,1.77379,0.924493,112,Healthy,7.55
B0007,57,3.54491,31.7468,1.77364,0.924417,111,Healthy,7.56
B0007,58,3.54699,31.9336,1.76389,0.919335,110,Healthy,8.07
B0007,59,3.54963,32.2538,1.7584,0.916471,109,Healthy,8.35
B0007,60,3.54083,32.1288,1.75268,0.913492,108,Healthy,8.65
B0007,61,3.54442,31.9987,1.74272,0.9083,107,Healthy,9.17
B0007,62,3.5379,31.8354,1.73814,0.905915,106,Healthy,9.41
B0007,63,3.54068,32.1379,1.73276,0.903109,105,Healthy,9.69
B0007,64,3.5383,32.0557,1.72791,0.900584,104,Healthy,9.94
B0007,65,3.54064,32.2913,1.72286,0.897952,103,Warning,10.2
B0007,66,3.53824,32.1689,1.71245,0.892522,102,Warning,10.75
B0007,67,3.53299,32.0995,1.7065,0.889424,101,Warning,11.06
B0007,68,3.53281,32.0914,1.70197,0.887063,100,Warning,11.29
B0007,69,3.53178,32.182,1.69677,0.884353,99,Warning,11.56
B0007,70,3.52978,32.2344,1.69724,0.884598,98,Warning,11.54
B0007,71,3.52617,32.2373,1.69144,0.881577,97,Warning,11.84
B0007,72,3.52657,32.2175,1.68107,0.876171,96,Warning,12.38
B0007,73,3.5245,32.2341,1.67627,0.87367,95,Warning,12.63
B0007,74,3.52285,32.2283,1.6714,0.87113,94,Warning,12.89
B0007,75,3.52524,32.1364,1.66609,0.868359,93,Warning,13.16
B0007,76,3.52062,32.1479,1.66059,0.865493,92,Warning,13.45
B0007,77,3.51803,32.012,1.66553,0.868071,91,Warning,13.19
B0007,78,3.52122,32.5067,1.66529,0.867946,90,Warning,13.21
B0007,79,3.51805,31.9394,1.65044,0.860203,89,Warning,13.98
B0007,80,3.51318,31.7749,1.65064,0.86031,88,Warning,13.97
B0007,81,3.51449,31.9327,1.64067,0.855113,87,Warning,14.49
B0007,82,3.51445,32.3711,1.63996,0.854744,86,Warning,14.53
B0007,83,3.5177,32.5921,1.6356,0.852472,85,Warning,14.75
B0007,84,3.51584,32.518,1.62972,0.849405,84,Warning,15.06
B0007,85,3.50935,32.2839,1.63001,0.849559,83,Warning,15.04
B0007,86,3.50763,31.9847,1.62532,0.847114,82,Warning,15.29
B0007,87,3.50921,32.3653,1.61515,0.841815,81,Warning,15.82
B0007,88,3.50587,32.7207,1.60907,0.838642,80,Warning,16.14
B0007,89,3.50408,32.7503,1.6093,0.838761,79,Warning,16.12
B0007,90,3.52954,32.4805,1.71305,0.89284,78,Warning,10.72
B0007,91,3.52143,32.8943,1.65018,0.860071,77,Warning,13.99
B0007,92,3.51361,32.9501,1.6451,0.85742,76,Warning,14.26
B0007,93,3.51377,32.7431,1.62979,0.849443,75,Warning,15.06
B0007,94,3.51077,32.5973,1.61909,0.843864,74,Warning,15.61
B0007,95,3.50906,32.4991,1.61458,0.841517,73,Warning,15.85
B0007,96,3.51418,32.4526,1.60952,0.838879,72,Warning,16.11
B0007,97,3.50638,32.6064,1.6093,0.838764,71,Warning,16.12
B0007,98,3.50908,32.6011,1.59941,0.833607,70,Warning,16.64
B0007,99,3.50991,32.5498,1.59404,0.830812,69,Warning,16.92
B0007,100,3.50652,32.6747,1.58923,0.828305,68,Warning,17.17
B0007,101,3.50007,32.7246,1.58943,0.828405,67,Warning,17.16
B0007,102,3.50191,32.6808,1.58394,0.825544,66,Warning,17.45
B0007,103,3.50486,32.641,1.58921,0.828294,65,Warning,17.17
B0007,104,3.50853,33.3649,1.59916,0.833481,64,Warning,16.65
B0007,105,3.50523,33.2196,1.58947,0.828428,63,Warning,17.16
B0007,106,3.50693,33.0888,1.5786,0.82276,62,Warning,17.72
B0007,107,3.50073,32.854,1.57408,0.820406,61,Warning,17.96
B0007,108,3.50228,32.9264,1.56811,0.817293,60,Warning,18.27
B0007,109,3.4991,33.2282,1.56919,0.817859,59,Warning,18.21
B0007,110,3.50336,33.2914,1.56342,0.814851,58,Warning,18.51
B0007,111,3.49877,33.0768,1.55846,0.812264,57,Warning,18.77
B0007,112,3.49912,32.9377,1.55297,0.809407,56,Warning,19.06
B0007,113,3.50113,33.1499,1.55318,0.809515,55,Warning,19.05
B0007,114,3.4985,33.4027,1.55325,0.809551,54,Warning,19.04
B0007,115,3.49266,33.3824,1.54807,0.806851,53,Warning,19.31
B0007,116,3.49378,33.1054,1.54285,0.804131,52,Warning,19.59
B0007,117,3.49403,32.9141,1.53796,0.801583,51,Warning,19.84
B0007,118,3.49192,33.2231,1.53779,0.801492,50,Warning,19.85
B0007,119,3.49678,33.5357,1.53817,0.801693,49,Warning,19.83
B0007,120,3.49417,33.2712,1.55814,0.8121,48,Warning,18.79
B0007,121,3.50187,33.3945,1.55799,0.812018,47,Warning,18.8
B0007,122,3.49608,33.0647,1.54789,0.806757,46,Warning,19.32
B0007,123,3.49021,32.8449,1.54297,0.804191,45,Warning,19.58
B0007,124,3.49263,32.7306,1.53193,0.798436,44,Critical,20.16
B0007,125,3.49106,32.7211,1.52735,0.796053,43,Critical,20.39
B0007,126,3.49128,32.6694,1.52203,0.79328,42,Critical,20.67
B0007,127,3.48913,32.6403,1.52226,0.793401,41,Critical,20.66
B0007,128,3.48994,32.5469,1.5113,0.787687,40,Critical,21.23
B0007,129,3.48353,32.5489,1.51172,0.787904,39,Critical,21.21
B0007,130,3.48528,32.5082,1.50675,0.785313,38,Critical,21.47
B0007,131,3.48504,32.5968,1.50164,0.782651,37,Critical,21.73
B0007,132,3.47712,32.5922,1.50634,0.7851,36,Critical,21.49
B0007,133,3.48307,32.8442,1.50613,0.784989,35,Critical,21.5
B0007,134,3.49328,33.004,1.52225,0.793395,34,Critical,20.66
B0007,135,3.49016,32.8061,1.50623,0.785044,33,Critical,21.5
B0007,136,3.48288,32.6333,1.50132,0.782484,32,Critical,21.75
B0007,137,3.47513,32.5073,1.49626,0.779848,31,Critical,22.02
B0007,138,3.48181,32.8053,1.49111,0.777162,30,Critical,22.28
B0007,139,3.47529,33.1084,1.48567,0.774328,29,Critical,22.57
B0007,140,3.47775,32.8094,1.48598,0.77449,28,Critical,22.55
B0007,141,3.47737,32.4977,1.48091,0.771847,27,Critical,22.82
B0007,142,3.47564,32.3994,1.47559,0.769072,26,Critical,23.09
B0007,143,3.47606,32.6744,1.47584,0.769205,25,Critical,23.08
B0007,144,3.47767,32.751,1.47103,0.766696,24,Critical,23.33
B0007,145,3.47029,32.5539,1.47102,0.76669,23,Critical,23.33
B0007,146,3.46603,32.3517,1.46557,0.763854,22,Critical,23.61
B0007,147,3.47099,32.1956,1.46046,0.761191,21,Critical,23.88
B0007,148,3.47063,32.5494,1.46104,0.761491,20,Critical,23.85
B0007,149,3.47042,32.5553,1.4605,0.761211,19,Critical,23.88
B0007,150,3.46568,32.1879,1.46606,0.764107,18,Critical,23.59
B0007,151,3.48143,32.5756,1.48611,0.774558,17,Critical,22.54
B0007,152,3.47358,32.6385,1.47605,0.769316,16,Critical,23.07
B0007,153,3.47856,32.3992,1.46608,0.764117,15,Critical,23.59
B0007,154,3.47709,32.3472,1.46068,0.761305,14,Critical,23.87
B0007,155,3.47269,32.3401,1.45582,0.75877,13,Critical,24.12
B0007,156,3.4635,32.4172,1.45607,0.758898,12,Critical,24.11
B0007,157,3.47054,32.2625,1.45047,0.75598,11,Critical,24.4
B0007,158,3.47307,32.2353,1.44495,0.753102,10,Critical,24.69
B0007,159,3.46939,32.2245,1.44553,0.753404,9,Critical,24.66
B0007,160,3.46818,32.3583,1.44056,0.750815,8,Critical,24.92
B0007,161,3.46551,32.3825,1.44086,0.750973,7,Critical,24.9
B0007,162,3.46963,32.4004,1.43507,0.747957,6,Critical,25.2
B0007,163,3.4628,32.4015,1.43527,0.74806,5,Critical,25.19
B0007,164,3.46395,32.3716,1.43044,0.745539,4,Critical,25.45
B0007,165,3.46202,32.4763,1.43054,0.745594,3,Critical,25.44
B0007,166,3.45992,32.5611,1.42469,0.742543,2,Critical,25.75
B0007,167,3.46618,32.7484,1.44597,0.753638,1,Critical,24.64
B0007,168,3.48003,32.8545,1.45666,0.759208,0,Critical,24.08
B0018,1,3.53198,31.7322,1.86286,1,131,Healthy,0
B0018,2,3.53668,31.9049,1.85106,0.993665,130,Healthy,0.63
B0018,3,3.54258,31.272,1.85851,0.997665,129,Healthy,0.23
B0018,4,3.54393,30.7537,1.84451,0.990149,128,Healthy,0.99
B0018,5,3.54889,31.8862,1.8466,0.991271,127,Healthy,0.87
B0018,6,3.54976,31.9767,1.84778,0.991904,126,Healthy,0.81
B0018,7,3.54947,31.6127,1.82383,0.979049,125,Healthy,2.1
B0018,8,3.55035,31.2269,1.82384,0.979053,124,Healthy,2.09
B0018,9,3.54677,31.072,1.81253,0.972981,123,Healthy,2.7
B0018,10,3.54555,31.1062,1.83139,0.983105,122,Healthy,1.69
B0018,11,3.55105,31.4482,1.83169,0.983265,121,Healthy,1.67
B0018,12,3.5533,31.2178,1.80745,0.970255,120,Healthy,2.97
B0018,13,3.55783,30.7188,1.80481,0.968836,119,Healthy,3.12
B0018,14,3.54617,30.4787,1.79753,0.964927,118,Healthy,3.51
B0018,15,3.54415,30.7965,1.78943,0.960584,117,Healthy,3.94
B0018,16,3.54948,31.3521,1.78591,0.958693,116,Healthy,4.13
B0018,17,3.55014,31.415,1.78282,0.957033,115,Healthy,4.3
B0018,18,3.55203,30.959,1.75646,0.942881,114,Healthy,5.71
B0018,19,3.54757,30.3941,1.74903,0.938897,113,Healthy,6.11
B0018,20,3.539,30.1475,1.75787,0.943641,112,Healthy,5.64
B0018,21,3.53672,30.0423,1.73439,0.931038,111,Healthy,6.9
B0018,22,3.53833,30.0793,1.72374,0.925318,110,Healthy,7.47
B0018,23,3.53906,30.035,1.72585,0.926452,109,Healthy,7.35
B0018,24,3.52941,30.1034,1.7104,0.918159,108,Healthy,8.18
B0018,25,3.54538,30.0249,1.7585,0.943978,107,Healthy,5.6
B0018,26,3.53608,30.913,1.75334,0.941208,106,Healthy,5.88
B0018,27,3.54264,31.3101,1.72513,0.926067,105,Healthy,7.39
B0018,28,3.54019,31.2723,1.7265,0.926802,104,Healthy,7.32
B0018,29,3.53841,30.9524,1.70832,0.917039,103,Healthy,8.3
B0018,30,3.53796,30.8427,1.7036,0.914507,102,Healthy,8.55
B0018,31,3.53951,30.8607,1.69146,0.907988,101,Healthy,9.2
B0018,32,3.53313,31.2385,1.68656,0.905362,100,Healthy,9.46
B0018,33,3.52967,31.436,1.68036,0.902033,99,Healthy,9.8
B0018,34,3.53053,31.1541,1.66682,0.894765,98,Warning,10.52
B0018,35,3.52487,30.9977,1.66425,0.893383,97,Warning,10.66
B0018,36,3.52217,30.789,1.66054,0.891394,96,Warning,10.86
B0018,37,3.52349,30.806,1.63749,0.879021,95,Warning,12.1
B0018,38,3.51615,31.1526,1.64359,0.882292,94,Warning,11.77
B0018,39,3.51486,31.263,1.63019,0.875103,93,Warning,12.49
B0018,40,3.5252,30.5975,1.69751,0.911238,92,Healthy,8.88
B0018,41,3.52334,30.8399,1.65237,0.887005,91,Warning,11.3
B0018,42,3.52072,30.6239,1.65391,0.887835,90,Warning,11.22
B0018,43,3.51553,30.4374,1.62599,0.872847,89,Warning,12.72
B0018,44,3.51664,30.1704,1.62611,0.87291,88,Warning,12.71
B0018,45,3.50761,30.2248,1.60504,0.8616,87,Warning,13.84
B0018,46,3.53671,30.4362,1.74764,0.938147,86,Healthy,6.19
B0018,47,3.53162,30.6544,1.71963,0.923114,85,Healthy,7.69
B0018,48,3.53941,30.4467,1.6989,0.911985,84,Healthy,8.8
B0018,49,3.53615,30.4015,1.68745,0.905836,83,Healthy,9.42
B0018,50,3.52335,30.4552,1.67554,0.899445,82,Warning,10.06
B0018,51,3.53184,31.0947,1.68136,0.902569,81,Healthy,9.74
B0018,52,3.53268,30.9487,1.66287,0.892643,80,Warning,10.74
B0018,53,3.52719,30.8011,1.64107,0.88094,79,Warning,11.91
B0018,54,3.51579,30.7172,1.62156,0.870466,78,Warning,12.95
B0018,55,3.51928,30.5962,1.62203,0.870719,77,Warning,12.93
B0018,56,3.52513,30.649,1.68372,0.903836,76,Healthy,9.62
B0018,57,3.53218,30.8201,1.65566,0.888774,75,Warning,11.12
B0018,58,3.52264,30.8555,1.62293,0.871202,74,Warning,12.88
B0018,59,3.52071,30.7093,1.60852,0.863468,73,Warning,13.65
B0018,60,3.51653,30.6166,1.60185,0.859885,72,Warning,14.01
B0018,61,3.51175,30.6686,1.59533,0.856388,71,Warning,14.36
B0018,62,3.51149,30.8175,1.58607,0.851416,70,Warning,14.86
B0018,63,3.50354,30.8963,1.55885,0.836804,69,Warning,16.32
B0018,64,3.50444,30.8232,1.56221,0.838608,68,Warning,16.14
B0018,65,3.49755,30.7601,1.54205,0.827784,67,Warning,17.22
B0018,66,3.50491,30.5969,1.5485,0.831249,66,Warning,16.88
B0018,67,3.50273,30.4866,1.52545,0.818877,65,Warning,18.11
B0018,68,3.49199,30.6141,1.52351,0.817831,64,Warning,18.22
B0018,69,3.49211,30.5756,1.52363,0.817899,63,Warning,18.21
B0018,70,3.48493,30.5725,1.50629,0.808587,62,Warning,19.14
B0018,71,3.50351,30.6561,1.55586,0.835197,61,Warning,16.48
B0018,72,3.49455,31.1274,1.52718,0.819802,60,Warning,18.02
B0018,73,3.48908,31.0457,1.51119,0.81122,59,Warning,18.88
B0018,74,3.48505,31.0828,1.50247,0.806539,58,Warning,19.35
B0018,75,3.49648,30.673,1.50056,0.805515,57,Warning,19.45
B0018,76,3.48255,30.9268,1.50329,0.806978,56,Warning,19.3
B0018,77,3.48644,30.9301,1.47692,0.792824,55,Critical,20.72
B0018,78,3.48698,31.0744,1.49069,0.800215,54,Warning,19.98
B0018,79,3.48082,31.0033,1.47549,0.792057,53,Critical,20.79
B0018,80,3.47521,30.8785,1.47055,0.789403,52,Critical,21.06
B0018,81,3.48238,30.5464,1.47032,0.789281,51,Critical,21.07
B0018,82,3.47806,30.7342,1.45838,0.782869,50,Critical,21.71
B0018,83,3.48149,31.0392,1.45002,0.778385,49,Critical,22.16
B0018,84,3.47562,31.2005,1.43896,0.772445,48,Critical,22.76
B0018,85,3.47846,30.9326,1.43564,0.770665,47,Critical,22.93
B0018,86,3.48286,30.9015,1.4928,0.801346,46,Warning,19.87
B0018,87,3.47997,31.0077,1.47563,0.792133,45,Critical,20.79
B0018,88,3.47554,30.8547,1.45369,0.780351,44,Critical,21.96
B0018,89,3.47036,30.7001,1.4515,0.779179,43,Critical,22.08
B0018,90,3.46434,30.4992,1.43162,0.768504,42,Critical,23.15
B0018,91,3.47946,31.0472,1.46553,0.786712,41,Critical,21.33
B0018,92,3.47044,31.1879,1.45154,0.779197,40,Critical,22.08
B0018,93,3.46777,31.3069,1.44302,0.774625,39,Critical,22.54
B0018,94,3.46258,31.4491,1.42622,0.765609,38,Critical,23.44
B0018,95,3.46496,31.1567,1.42906,0.767134,37,Critical,23.29
B0018,96,3.46573,31.2503,1.42661,0.765819,36,Critical,23.42
B0018,97,3.46265,31.2155,1.42026,0.762408,35,Critical,23.76
B0018,98,3.46313,31.2677,1.40993,0.756863,34,Critical,24.31
B0018,99,3.46528,31.2801,1.40057,0.751839,33,Critical,24.82
B0018,100,3.45581,31.2753,1.40235,0.752793,32,Critical,24.72
B0018,101,3.46026,31.3285,1.40133,0.752248,31,Critical,24.78
B0018,102,3.45061,31.3294,1.38882,0.74553,30,Critical,25.45
B0018,103,3.45464,31.3958,1.37691,0.739138,29,Critical,26.09
B0018,104,3.46243,31.319,1.37918,0.740353,28,Critical,25.96
B0018,105,3.44994,31.4632,1.3805,0.741066,27,Critical,25.89
B0018,106,3.47988,30.242,1.47176,0.790053,26,Critical,20.99
B0018,107,3.47926,30.8541,1.46659,0.787278,25,Critical,21.27
B0018,108,3.48124,31.1192,1.45474,0.780917,24,Critical,21.91
B0018,109,3.47127,31.2014,1.44043,0.773233,23,Critical,22.68
B0018,110,3.47616,30.7482,1.43153,0.768456,22,Critical,23.15
B0018,111,3.46651,30.7101,1.41776,0.761065,21,Critical,23.89
B0018,112,3.47034,30.8403,1.41031,0.757065,20,Critical,24.29
B0018,113,3.45581,31.5037,1.4064,0.754969,19,Critical,24.5
B0018,114,3.46293,31.8229,1.41413,0.759117,18,Critical,24.09
B0018,115,3.47154,31.4314,1.39759,0.750241,17,Critical,24.98
B0018,116,3.45563,31.1816,1.39936,0.751188,16,Critical,24.88
B0018,117,3.4582,30.9766,1.37986,0.740721,15,Critical,25.93
B0018,118,3.45695,30.6338,1.38899,0.745622,14,Critical,25.44
B0018,119,3.45112,30.7078,1.37809,0.739773,13,Critical,26.02
B0018,120,3.4526,30.3291,1.36576,0.733153,12,Critical,26.68
B0018,121,3.47125,30.304,1.44375,0.775015,11,Critical,22.5
B0018,122,3.47176,30.6598,1.4233,0.764042,10,Critical,23.6
B0018,123,3.4628,30.9497,1.41798,0.761183,9,Critical,23.88
B0018,124,3.46827,30.8183,1.39989,0.751471,8,Critical,24.85
B0018,125,3.46333,30.7131,1.39486,0.748774,7,Critical,25.12
B0018,126,3.46568,30.713,1.39662,0.749721,6,Critical,25.03
B0018,127,3.45888,31.022,1.39337,0.747975,5,Critical,25.2
B0018,128,3.46082,31.6493,1.38216,0.741958,4,Critical,25.8
B0018,129,3.46966,31.6753,1.38047,0.74105,3,Critical,25.89
B0018,130,3.45573,31.49,1.36887,0.734824,2,Critical,26.52
B0018,131,3.46237,31.0966,1.37437,0.737772,1,Critical,26.22
B0018,132,3.44406,31.1754,1.35259,0.726085,0,Critical,27.39
B0025,1,3.38943,33.3116,2.38979,1,11,Healthy,0
B0025,2,3.38812,33.0692,2.48499,1.03984,10,Healthy,-3.98
B0025,3,3.38937,33.3549,2.49735,1.04501,9,Healthy,-4.5
B0025,4,3.4125,33.2881,2.36879,0.991213,8,Healthy,0.88
B0025,12,3.42503,32.9295,2.499,1.0457,0,Healthy,-4.57
B0026,1,3.39374,32.8247,2.26715,1,24,Healthy,0
B0026,2,3.40381,32.6629,2.20418,0.972223,23,Healthy,2.78
B0026,3,3.43118,32.7558,2.22785,0.982663,22,Healthy,1.73
B0026,4,3.41856,32.9933,2.14128,0.944479,21,Healthy,5.55
B0026,5,3.42008,32.8083,2.24559,0.990491,20,Healthy,0.95
B0026,6,3.29126,31.5522,1.78552,0.787561,19,Critical,21.24
B0026,8,3.4191,32.7174,2.09819,0.925471,17,Healthy,7.45
B0026,9,3.40775,32.7258,2.31768,1.02229,16,Healthy,-2.23
B0026,10,3.43252,32.8191,2.25181,0.993231,15,Healthy,0.68
B0026,11,3.38453,32.2564,2.15436,0.950251,14,Healthy,4.97
B0026,12,3.41889,32.6717,2.26145,0.997483,13,Healthy,0.25
B0026,13,3.42597,33.0648,2.30556,1.01694,12,Healthy,-1.69
B0026,14,3.42588,33.0583,2.21274,0.976001,11,Healthy,2.4
B0026,15,3.43962,32.9414,2.12319,0.936502,10,Healthy,6.35
B0026,16,3.43708,33.0545,2.19424,0.967838,9,Healthy,3.22
B0026,17,3.33531,33.3323,2.30152,1.01516,8,Healthy,-1.52
B0026,20,3.40307,33.3348,2.3439,1.03385,5,Healthy,-3.39
B0026,25,3.40558,32.5213,2.37608,1.04805,0,Healthy,-4.8
B0027,1,3.41006,34.0298,2.15002,1,25,Healthy,0
B0027,2,3.39797,34.1025,2.07695,0.966015,24,Healthy,3.4
B0027,3,3.42143,34.3388,2.05494,0.955777,23,Healthy,4.42
B0027,4,3.41755,34.5357,1.99128,0.926168,22,Healthy,7.38
B0027,6,3.38709,34.4338,2.17996,1.01393,20,Healthy,-1.39
B0027,8,3.4047,34.2727,2.11773,0.984982,18,Healthy,1.5
B0027,9,3.39941,34.2553,2.09308,0.973518,17,Healthy,2.65
B0027,10,3.38983,34.6148,2.2351,1.03957,16,Healthy,-3.96
B0027,12,3.39954,34.3269,2.18575,1.01662,14,Healthy,-1.66
B0027,13,3.38054,34.6064,2.24369,1.04357,13,Healthy,-4.36
B0027,14,3.41008,34.6651,2.16047,1.00486,12,Healthy,-0.49
B0027,15,3.3924,34.627,2.14426,0.997321,11,Healthy,0.27
B0027,16,3.40079,34.6292,2.15461,1.00213,10,Healthy,-0.21
B0027,26,3.40875,34.0402,2.23069,1.03752,0,Healthy,-3.75
B0028,1,3.66561,30.2483,2.20551,1,27,Healthy,0
B0028,2,3.66399,30.0365,2.1416,0.971022,26,Healthy,2.9
B0028,3,3.67761,30.2005,2.0421,0.925907,25,Healthy,7.41
B0028,4,3.67459,30.364,2.02594,0.91858,24,Healthy,8.14
B0028,5,3.67116,30.3839,2.14796,0.973905,23,Healthy,2.61
B0028,6,3.65656,30.1421,2.25719,1.02343,22,Healthy,-2.34
B0028,8,3.67545,30.1377,2.08551,0.945589,20,Healthy,5.44
B0028,9,3.67855,30.1812,1.99771,0.905782,19,Healthy,9.42
B0028,10,3.67686,30.5654,1.95815,0.887843,18,Warning,11.22
B0028,11,3.67424,29.8301,2.15456,0.9769,17,Healthy,2.31
B0028,12,3.67385,30.3183,2.0849,0.945314,16,Healthy,5.47
B0028,13,3.66662,30.7135,2.10416,0.954046,15,Healthy,4.6
B0028,14,3.67569,30.6198,1.99606,0.905032,14,Healthy,9.5
B0028,15,3.67545,30.4798,1.96787,0.892251,13,Warning,10.77
B0028,16,3.67865,30.5795,2.01295,0.912689,12,Healthy,8.73
B0028,17,3.65926,31.1114,2.19437,0.994947,11,Healthy,0.51
B0028,18,3.67898,30.9074,2.16219,0.980358,10,Healthy,1.96
B0028,19,3.67639,30.7449,2.20999,1.00203,9,Healthy,-0.2
B0028,20,3.67314,30.6906,2.23995,1.01562,8,Healthy,-1.56
B0028,21,3.66782,30.4581,2.28457,1.03585,7,Healthy,-3.58
B0028,22,3.67153,30.5255,2.14717,0.973546,6,Healthy,2.65
B0028,23,3.66104,29.8636,2.23422,1.01302,5,Healthy,-1.3
B0028,24,3.66851,29.9087,2.24622,1.01846,4,Healthy,-1.85
B0028,25,3.66662,29.9041,2.17418,0.985795,3,Healthy,1.42
B0028,26,3.67115,29.9772,2.13476,0.96792,2,Healthy,3.21
B0028,27,3.66797,29.9023,2.18752,0.991843,1,Healthy,0.82
B0028,28,3.65278,30.0561,2.23415,1.01298,0,Healthy,-1.3
B0029,1,3.36519,51.6315,1.74665,1,39,Healthy,0
B0029,10,3.39565,52.8476,1.80355,1.03258,30,Healthy,-3.26
B0029,11,3.38736,52.8591,1.82349,1.04399,29,Healthy,-4.4
B0029,12,3.3881,52.9086,1.80769,1.03495,28,Healthy,-3.49
B0029,13,3.39276,52.8528,1.81716,1.04037,27,Healthy,-4.04
B0029,14,3.39343,52.83,1.78165,1.02004,26,Healthy,-2
B0029,15,3.39011,52.8545,1.80007,1.03058,25,Healthy,-3.06
B0029,16,3.39522,52.7212,1.82049,1.04228,24,Healthy,-4.23
B0029,17,3.396,52.8157,1.8165,1.03999,23,Healthy,-4
B0029,18,3.39409,52.8522,1.79253,1.02627,22,Healthy,-2.63
B0029,19,3.39545,52.8146,1.77856,1.01827,21,Healthy,-1.83
B0029,20,3.39242,52.8453,1.78194,1.02021,20,Healthy,-2.02
B0029,21,3.38646,52.8092,1.80029,1.03071,19,Healthy,-3.07
B0029,22,3.39722,52.8737,1.77424,1.0158,18,Healthy,-1.58
B0029,23,3.39691,52.8351,1.75877,1.00694,17,Healthy,-0.69
B0029,24,3.40208,52.7995,1.74244,0.997589,16,Healthy,0.24
B0029,25,3.39951,52.8158,1.73518,0.993433,15,Healthy,0.66
B0029,26,3.40008,52.7614,1.7552,1.00489,14,Healthy,-0.49
B0029,27,3.39188,52.8993,1.74991,1.00187,13,Healthy,-0.19
B0029,28,3.38208,52.8816,1.71833,0.983783,12,Healthy,1.62
B0029,29,3.3954,52.7763,1.72571,0.988012,11,Healthy,1.2
B0029,30,3.39882,52.7572,1.70846,0.978133,10,Healthy,2.19
B0029,31,3.39034,52.7545,1.7156,0.982225,9,Healthy,1.78
B0029,32,3.39582,52.8083,1.6991,0.972775,8,Healthy,2.72
B0029,33,3.38891,52.8153,1.70212,0.974506,7,Healthy,2.55
B0029,34,3.38847,52.8401,1.69401,0.969861,6,Healthy,3.01
B0029,35,3.3929,52.8248,1.67619,0.959662,5,Healthy,4.03
B0029,36,3.38355,52.8488,1.69701,0.971579,4,Healthy,2.84
B0029,37,3.39369,52.8623,1.67729,0.960292,3,Healthy,3.97
B0029,38,3.3866,52.8089,1.6704,0.956342,2,Healthy,4.37
B0029,39,3.39011,52.8325,1.66309,0.95216,1,Healthy,4.78
B0029,40,3.38502,52.9192,1.65512,0.947596,0,Healthy,5.24
B0030,1,3.33717,52.562,1.69222,1,39,Healthy,0
B0030,8,3.38238,54.2423,1.77414,1.04841,32,Healthy,-4.84
B0030,9,3.38795,54.1536,1.7502,1.03427,31,Healthy,-3.43
B0030,10,3.38359,54.2253,1.74837,1.03318,30,Healthy,-3.32
B0030,11,3.37819,54.2781,1.75793,1.03883,29,Healthy,-3.88
B0030,12,3.38723,54.244,1.74253,1.02973,28,Healthy,-2.97
B0030,13,3.38797,54.2415,1.72897,1.02172,27,Healthy,-2.17
B0030,14,3.39044,54.1446,1.71519,1.01357,26,Healthy,-1.36
B0030,15,3.38591,54.2289,1.71154,1.01142,25,Healthy,-1.14
B0030,16,3.37054,54.2179,1.7738,1.04821,24,Healthy,-4.82
B0030,17,3.38188,54.196,1.7494,1.03379,23,Healthy,-3.38
B0030,18,3.3847,54.182,1.73475,1.02514,22,Healthy,-2.51
B0030,19,3.3865,54.1583,1.70963,1.01029,21,Healthy,-1.03
B0030,20,3.38139,54.2738,1.70277,1.00624,20,Healthy,-0.62
B0030,21,3.38053,54.3375,1.70946,1.01019,19,Healthy,-1.02
B0030,22,3.38799,54.2641,1.69381,1.00094,18,Healthy,-0.09
B0030,23,3.38507,54.3946,1.68841,0.997747,17,Healthy,0.23
B0030,24,3.38665,54.3416,1.67217,0.98815,16,Healthy,1.19
B0030,25,3.38327,54.3768,1.67522,0.989955,15,Healthy,1
B0030,26,3.38676,54.3226,1.68417,0.995246,14,Healthy,0.48
B0030,27,3.3911,54.2863,1.66856,0.98602,13,Healthy,1.4
B0030,28,3.38513,54.1485,1.66066,0.981351,12,Healthy,1.86
B0030,29,3.3848,54.2153,1.65405,0.977443,11,Healthy,2.26
B0030,30,3.3891,54.2735,1.6369,0.967309,10,Healthy,3.27
B0030,31,3.38097,54.3835,1.64429,0.971675,9,Healthy,2.83
B0030,32,3.37792,54.3864,1.64934,0.974664,8,Healthy,2.53
B0030,33,3.37664,54.2586,1.64187,0.970247,7,Healthy,2.98
B0030,34,3.38074,54.3798,1.62316,0.959188,6,Healthy,4.08
B0030,35,3.38707,54.4254,1.61546,0.954639,5,Healthy,4.54
B0030,36,3.38208,54.3622,1.6368,0.967253,4,Healthy,3.27
B0030,37,3.39032,54.3141,1.61608,0.955004,3,Healthy,4.5
B0030,38,3.38605,54.2796,1.60976,0.951271,2,Healthy,4.87
B0030,39,3.38639,54.402,1.60203,0.946702,1,Healthy,5.33
B0030,40,3.38693,54.3548,1.59419,0.94207,0,Healthy,5.79
B0031,1,3.37178,52.5705,1.6929,1,39,Healthy,0
B0031,16,3.40095,53.8369,1.764,1.042,24,Healthy,-4.2
B0031,20,3.41511,53.8268,1.77405,1.04794,20,Healthy,-4.79
B0031,23,3.41777,53.8405,1.76222,1.04095,17,Healthy,-4.09
B0031,24,3.41465,53.8112,1.76728,1.04394,16,Healthy,-4.39
B0031,25,3.41429,53.8177,1.76098,1.04022,15,Healthy,-4.02
B0031,26,3.4146,53.7543,1.76991,1.04549,14,Healthy,-4.55
B0031,27,3.42488,53.7114,1.75521,1.03681,13,Healthy,-3.68
B0031,28,3.42097,53.6934,1.74758,1.0323,12,Healthy,-3.23
B0031,29,3.41922,53.6826,1.73135,1.02272,11,Healthy,-2.27
B0031,30,3.42322,53.6336,1.72473,1.0188,10,Healthy,-1.88
B0031,31,3.41645,53.7068,1.74271,1.02943,9,Healthy,-2.94
B0031,32,3.4201,53.6402,1.72808,1.02079,8,Healthy,-2.08
B0031,33,3.41821,53.6537,1.72121,1.01673,7,Healthy,-1.67
B0031,34,3.41901,53.6536,1.71358,1.01222,6,Healthy,-1.22
B0031,35,3.42002,53.6478,1.70582,1.00763,5,Healthy,-0.76
B0031,36,3.41553,53.6547,1.72712,1.02022,4,Healthy,-2.02
B0031,37,3.4078,53.7931,1.70627,1.0079,3,Healthy,-0.79
B0031,38,3.4178,53.6648,1.71135,1.0109,2,Healthy,-1.09
B0031,39,3.41713,53.6954,1.70439,1.00679,1,Healthy,-0.68
B0031,40,3.41712,53.681,1.69683,1.00233,0,Healthy,-0.23
B0032,1,3.31357,52.1481,1.71046,1,39,Healthy,0
B0032,13,3.34846,54.251,1.78072,1.04108,27,Healthy,-4.11
B0032,14,3.34878,54.2918,1.7676,1.03341,26,Healthy,-3.34
B0032,15,3.35334,54.2457,1.78634,1.04437,25,Healthy,-4.44
B0032,16,3.33611,54.4682,1.79346,1.04853,24,Healthy,-4.85
B0032,17,3.34311,54.4638,1.79081,1.04698,23,Healthy,-4.7
B0032,18,3.34873,54.4461,1.78995,1.04648,22,Healthy,-4.65
B0032,19,3.35278,54.394,1.77571,1.03815,21,Healthy,-3.81
B0032,20,3.356,54.4323,1.75743,1.02746,20,Healthy,-2.75
B0032,21,3.3433,54.5875,1.7759,1.03826,19,Healthy,-3.83
B0032,22,3.35095,54.5889,1.76096,1.02952,18,Healthy,-2.95
B0032,23,3.35195,54.6268,1.74509,1.02025,17,Healthy,-2.02
B0032,24,3.3493,54.6431,1.73993,1.01723,16,Healthy,-1.72
B0032,25,3.34016,54.8418,1.70883,0.999049,15,Healthy,0.1
B0032,26,3.33804,54.8038,1.7629,1.03066,14,Healthy,-3.07
B0032,27,3.35251,54.6791,1.72547,1.00878,13,Healthy,-0.88
B0032,28,3.34493,54.7534,1.72829,1.01042,12,Healthy,-1.04
B0032,29,3.34106,54.7546,1.71181,1.00079,11,Healthy,-0.08
B0032,30,3.34457,54.7487,1.70689,0.997913,10,Healthy,0.21
B0032,31,3.33691,54.8585,1.71447,1.00235,9,Healthy,-0.23
B0032,32,3.34202,54.8008,1.69788,0.99265,8,Healthy,0.73
B0032,33,3.34595,54.7316,1.69091,0.988571,7,Healthy,1.14
B0032,34,3.34081,54.9175,1.68085,0.982692,6,Healthy,1.73
B0032,35,3.34368,54.79,1.67511,0.979336,5,Healthy,2.07
B0032,36,3.33738,54.9168,1.69643,0.991801,4,Healthy,0.82
B0032,37,3.33222,54.9974,1.66293,0.972215,3,Healthy,2.78
B0032,38,3.3407,54.853,1.66995,0.976317,2,Healthy,2.37
B0032,39,3.33931,54.8916,1.65014,0.96474,1,Healthy,3.53
B0032,40,3.33393,54.8813,1.6424,0.960213,0,Healthy,3.98
B0033,2,3.71112,32.9219,0.717505,1,144,Healthy,0
B0033,145,3.75303,32.3904,0.520105,0.72488,1,Critical,27.51
B0033,146,3.74211,32.9151,0.532316,0.741899,0,Critical,25.81
B0034,1,3.11638,38.9158,0.998059,1,0,Healthy,0
B0036,1,3.31006,24.8921,1.00478,1,0,Healthy,0
B0038,1,2.88324,38.8265,1.08976,1,0,Healthy,0
B0039,2,3.50944,34.6128,0.562458,1,10,Healthy,0
B0039,3,3.50184,34.6473,0.577043,1.02593,9,Healthy,-2.59
B0039,4,3.50049,34.8473,0.569342,1.01224,8,Healthy,-1.22
B0039,5,3.50911,34.6506,0.562179,0.999505,7,Healthy,0.05
B0039,6,3.50673,34.6233,0.558956,0.993775,6,Healthy,0.62
B0039,7,3.43673,35.3652,0.551646,0.980777,5,Healthy,1.92
B0039,8,3.50931,34.594,0.556213,0.988898,4,Healthy,1.11
B0039,9,3.51288,34.5763,0.55335,0.983806,3,Healthy,1.62
B0039,10,3.48926,34.7827,0.55637,0.989176,2,Healthy,1.08
B0039,11,3.51422,34.5833,0.548438,0.975073,1,Healthy,2.49
B0039,12,3.5134,34.5417,0.540226,0.960473,0,Healthy,3.95
B0040,1,3.24291,34.4089,0.679289,1,46,Healthy,0
B0040,47,3.52348,50.3525,0.564148,0.830499,0,Warning,16.95
B0041,43,3.31036,9.15185,1.33111,1,24,Healthy,0
B0041,44,3.35222,8.87655,1.26369,0.949349,23,Healthy,5.07
B0041,45,3.35272,8.76899,1.22899,0.923282,22,Healthy,7.67
B0041,46,3.35615,8.88199,1.1905,0.894368,21,Warning,10.56
B0041,47,3.37215,8.69253,1.15295,0.866154,20,Warning,13.38
B0041,48,3.36341,8.77558,1.1309,0.849592,19,Warning,15.04
B0041,49,3.36304,8.61846,1.10412,0.82947,18,Warning,17.05
B0041,50,3.3698,8.6736,1.08872,0.817901,17,Warning,18.21
B0041,51,3.35645,8.76684,1.08093,0.81205,16,Warning,18.8
B0041,52,3.36143,8.8557,1.05741,0.794379,15,Critical,20.56
B0041,53,3.36613,8.80225,1.04553,0.785453,14,Critical,21.45
B0041,54,3.35277,8.74667,1.03392,0.776734,13,Critical,22.33
B0041,55,3.37303,8.94005,1.02624,0.770969,12,Critical,22.9
B0041,56,3.37164,9.07337,1.01501,0.762527,11,Critical,23.75
B0041,57,3.3702,8.56564,1.00573,0.755556,10,Critical,24.44
B0041,58,3.35649,8.77672,1.0106,0.759217,9,Critical,24.08
B0041,59,3.36842,8.57465,0.986095,0.740806,8,Critical,25.92
B0041,60,3.35787,8.76702,1.00273,0.753304,7,Critical,24.67
B0041,61,3.34878,8.79203,0.995421,0.747812,6,Critical,25.22
B0041,62,3.36661,8.792,0.976564,0.733646,5,Critical,26.64
B0041,63,3.34657,8.92046,0.987032,0.74151,4,Critical,25.85
B0041,64,3.34313,8.87936,0.970863,0.729363,3,Critical,27.06
B0041,65,3.35735,8.82806,0.970576,0.729147,2,Critical,27.09
B0041,66,3.34849,8.84648,0.968219,0.727376,1,Critical,27.26
B0041,67,3.34875,8.79722,0.963708,0.723988,0,Critical,27.6
B0042,1,3.46594,30.5283,1.76916,1,111,Healthy,0
B0042,2,3.48524,29.9577,1.7561,0.99262,110,Healthy,0.74
B0042,3,3.48838,29.6617,1.75299,0.990862,109,Healthy,0.91
B0042,4,3.4946,29.5811,1.74532,0.986524,108,Healthy,1.35
B0042,5,3.50415,29.8525,1.74173,0.984497,107,Healthy,1.55
B0042,6,3.58139,29.4494,1.47413,0.833241,106,Warning,16.68
B0042,7,3.51193,30.1332,1.734,0.980128,105,Healthy,1.99
B0042,8,3.50989,29.7405,1.72936,0.977505,104,Healthy,2.25
B0042,9,3.5085,29.5034,1.72177,0.973214,103,Healthy,2.68
B0042,10,3.50937,29.3245,1.71521,0.969508,102,Healthy,3.05
B0042,11,3.50461,29.2257,1.71364,0.968619,101,Healthy,3.14
B0042,12,3.50729,29.2618,1.70653,0.964598,100,Healthy,3.54
B0042,13,3.50501,29.2061,1.70467,0.963549,99,Healthy,3.65
B0042,14,3.50807,29.1839,1.69462,0.957871,98,Healthy,4.21
B0042,15,3.50575,29.1537,1.69303,0.95697,97,Healthy,4.3
B0042,16,3.5049,29.1063,1.69689,0.959149,96,Healthy,4.09
B0042,17,3.50209,29.1267,1.68878,0.954567,95,Healthy,4.54
B0042,18,3.50569,29.1154,1.68178,0.950609,94,Healthy,4.94
B0042,19,3.50179,29.1227,1.68029,0.949768,93,Healthy,5.02
B0042,20,3.50016,29.1635,1.67691,0.947858,92,Healthy,5.21
B0042,21,3.5038,29.3575,1.7026,0.962378,91,Healthy,3.76
B0042,22,3.51252,30.0583,1.69155,0.956131,90,Healthy,4.39
B0042,23,3.50932,30.3356,1.68882,0.954587,89,Healthy,4.54
B0042,24,3.50722,30.2279,1.67857,0.948797,88,Healthy,5.12
B0042,25,3.50552,30.0407,1.66669,0.94208,87,Healthy,5.79
B0042,26,3.50413,29.9951,1.66107,0.938903,86,Healthy,6.11
B0042,27,3.5006,30.2995,1.66919,0.943494,85,Healthy,5.65
B0042,28,3.50425,30.6809,1.66527,0.941281,84,Healthy,5.87
B0042,29,3.50128,30.6634,1.65815,0.937252,83,Healthy,6.27
B0042,30,3.50143,30.4085,1.646,0.930386,82,Healthy,6.96
B0042,31,3.4935,30.2394,1.64717,0.931045,81,Healthy,6.9
B0042,32,3.49193,30.1387,1.64799,0.931514,80,Healthy,6.85
B0042,33,3.49573,30.4909,1.64333,0.928876,79,Healthy,7.11
B0042,34,3.49193,30.5292,1.6361,0.924791,78,Healthy,7.52
B0042,35,3.49001,30.1796,1.62394,0.917919,77,Healthy,8.21
B0042,36,3.48776,29.9331,1.6167,0.913822,76,Healthy,8.62
B0042,37,3.48203,29.8551,1.62403,0.917969,75,Healthy,8.2
B0042,38,3.48578,30.2574,1.61755,0.914306,74,Healthy,8.57
B0042,39,3.48496,30.5628,1.61741,0.914225,73,Healthy,8.58
B0042,40,3.48396,30.59,1.60935,0.90967,72,Healthy,9.03
B0042,41,3.47681,30.2192,1.59511,0.90162,71,Healthy,9.84
B0042,42,2.70528,24.1834,1.16988,0.661264,70,Critical,33.87
B0042,43,2.67953,23.827,1.12201,0.634208,69,Critical,36.58
B0042,44,2.67912,23.7797,1.09851,0.620922,68,Critical,37.91
B0042,45,2.65294,23.9578,1.08831,0.61516,67,Critical,38.48
B0042,46,2.69158,24.0938,1.17944,0.666666,66,Critical,33.33
B0042,47,2.67391,23.9935,1.18407,0.669287,65,Critical,33.07
B0042,48,2.67453,24.1343,1.16288,0.657307,64,Critical,34.27
B0042,49,2.67267,24.3992,1.1531,0.651781,63,Critical,34.82
B0042,51,2.64743,24.8801,1.16153,0.656542,61,Critical,34.35
B0042,52,2.6501,24.4848,1.15129,0.650758,60,Critical,34.92
B0042,53,2.63864,24.3244,1.14271,0.645905,59,Critical,35.41
B0042,54,2.64152,24.3117,1.12042,0.633304,58,Critical,36.67
B0042,55,2.63615,24.7982,1.13719,0.642785,57,Critical,35.72
B0042,56,2.60271,24.6872,1.1377,0.643074,56,Critical,35.69
B0042,57,2.59084,24.6532,1.1319,0.639795,55,Critical,36.02
B0042,58,2.61333,24.5298,1.12011,0.633135,54,Critical,36.69
B0042,59,2.60848,24.5214,1.11209,0.628601,53,Critical,37.14
B0042,60,2.58415,24.8436,1.11523,0.630372,52,Critical,36.96
B0042,61,2.59098,24.5619,1.10477,0.624462,51,Critical,37.55
B0042,62,2.58186,24.3494,1.10765,0.626091,50,Critical,37.39
B0042,63,2.58947,24.8396,1.09729,0.620235,49,Critical,37.98
B0042,67,2.59817,24.9982,1.17521,0.664277,45,Critical,33.57
B0042,68,2.58945,25.2477,1.15403,0.652303,44,Critical,34.77
B0042,69,2.57307,24.8503,1.12967,0.638536,43,Critical,36.15
B0042,71,2.57031,25.7502,1.15251,0.651445,41,Critical,34.86
B0042,72,2.53492,25.4426,1.12349,0.635045,40,Critical,36.5
B0042,73,2.55035,25.6401,1.12527,0.636048,39,Critical,36.4
B0042,74,2.56502,25.4725,1.10366,0.623835,38,Critical,37.62
B0042,75,2.54989,25.7067,1.10704,0.625744,37,Critical,37.43
B0042,76,2.54131,25.7308,1.09622,0.61963,36,Critical,38.04
B0042,77,2.53221,25.6102,1.08502,0.613298,35,Critical,38.67
B0042,78,2.53364,25.871,1.10146,0.622589,34,Critical,37.74
B0042,79,2.53001,25.601,1.0765,0.608481,33,Critical,39.15
B0042,88,3.37714,8.32435,1.49867,0.847108,24,Warning,15.29
B0042,89,3.42501,8.08831,1.57918,0.892618,23,Warning,10.74
B0042,90,3.42781,8.10864,1.57633,0.891008,22,Warning,10.9
B0042,91,3.42269,8.18976,1.56668,0.885553,21,Warning,11.44
B0042,92,3.42714,8.13332,1.55955,0.881521,20,Warning,11.85
B0042,93,3.42248,8.22155,1.55541,0.879179,19,Warning,12.08
B0042,94,3.41377,8.19603,1.5445,0.873013,18,Warning,12.7
B0042,95,3.41528,8.16363,1.54025,0.870613,17,Warning,12.94
B0042,96,3.41134,8.1823,1.53261,0.866295,16,Warning,13.37
B0042,97,3.40617,8.23985,1.52594,0.862523,15,Warning,13.75
B0042,98,3.40226,8.31951,1.51918,0.858705,14,Warning,14.13
B0042,99,3.39209,8.2033,1.50939,0.853168,13,Warning,14.68
B0042,100,3.39621,8.25238,1.50411,0.850187,12,Warning,14.98
B0042,101,3.39583,8.24745,1.49326,0.844049,11,Warning,15.6
B0042,102,3.39249,8.17936,1.48216,0.837777,10,Warning,16.22
B0042,103,3.38928,8.33801,1.47642,0.83453,9,Warning,16.55
B0042,104,3.37788,8.29333,1.47154,0.831777,8,Warning,16.82
B0042,105,3.38699,8.37314,1.46077,0.825689,7,Warning,17.43
B0042,106,3.38291,8.32904,1.45453,0.822157,6,Warning,17.78
B0042,107,3.37747,8.39613,1.44676,0.817765,5,Warning,18.22
B0042,108,3.37809,8.43692,1.43693,0.812209,4,Warning,18.78
B0042,109,3.36416,8.4198,1.43658,0.812011,3,Warning,18.8
B0042,110,3.37059,8.40981,1.42711,0.806658,2,Warning,19.33
B0042,111,3.36637,8.37006,1.41859,0.801844,1,Warning,19.82
B0042,112,3.35883,8.33961,1.41102,0.797567,0,Critical,20.24
B0043,1,3.48028,30.8479,1.73242,1,111,Healthy,0
B0043,2,3.49491,30.2841,1.70907,0.986518,110,Healthy,1.35
B0043,3,3.49092,30.0619,1.70039,0.98151,109,Healthy,1.85
B0043,4,3.49687,30.0081,1.69228,0.97683,108,Healthy,2.32
B0043,5,3.50138,30.4006,1.68855,0.974674,107,Healthy,2.53
B0043,6,3.57934,29.9239,1.4567,0.840848,106,Warning,15.92
B0043,7,3.50838,30.5999,1.67505,0.966882,105,Healthy,3.31
B0043,8,3.50325,30.2817,1.67006,0.964001,104,Healthy,3.6
B0043,9,3.50515,29.9367,1.65638,0.956103,103,Healthy,4.39
B0043,10,3.50244,29.7476,1.64959,0.952183,102,Healthy,4.78
B0043,11,3.49845,29.7239,1.64761,0.951042,101,Healthy,4.9
B0043,12,3.5027,29.7273,1.64028,0.946813,100,Healthy,5.32
B0043,13,3.49793,29.6684,1.63248,0.942312,99,Healthy,5.77
B0043,14,3.4994,29.6682,1.63336,0.942819,98,Healthy,5.72
B0043,15,3.50049,29.6377,1.62041,0.935344,97,Healthy,6.47
B0043,16,3.49617,29.5936,1.61808,0.933996,96,Healthy,6.6
B0043,17,3.50001,29.6186,1.60993,0.929293,95,Healthy,7.07
B0043,18,3.4984,29.6917,1.60271,0.925126,94,Healthy,7.49
B0043,19,3.4984,29.6142,1.59496,0.920653,93,Healthy,7.93
B0043,20,3.49784,29.6493,1.5908,0.918253,92,Healthy,8.17
B0043,21,3.49314,29.9932,1.61002,0.929346,91,Healthy,7.07
B0043,22,3.50027,30.6813,1.60487,0.926375,90,Healthy,7.36
B0043,23,3.50266,30.8712,1.59597,0.921234,89,Healthy,7.88
B0043,24,3.50015,30.785,1.58565,0.915276,88,Healthy,8.47
B0043,25,3.49676,30.5815,1.57967,0.911828,87,Healthy,8.82
B0043,26,3.49462,30.5231,1.5737,0.908382,86,Healthy,9.16
B0043,27,3.49937,30.8784,1.56923,0.9058,85,Healthy,9.42
B0043,28,3.49982,31.2259,1.56505,0.903388,84,Healthy,9.66
B0043,29,3.50095,31.1157,1.55803,0.899336,83,Warning,10.07
B0043,30,3.49687,31.1306,1.55819,0.899426,82,Warning,10.06
B0043,31,3.48954,30.8372,1.54664,0.892763,81,Warning,10.72
B0043,32,3.48781,30.6166,1.5406,0.889273,80,Warning,11.07
B0043,33,3.49255,30.9921,1.53556,0.886366,79,Warning,11.36
B0043,34,3.48492,30.9683,1.52828,0.882161,78,Warning,11.78
B0043,35,3.48429,30.5854,1.51587,0.875002,77,Warning,12.5
B0043,36,3.48222,30.3381,1.50842,0.870701,76,Warning,12.93
B0043,37,3.47547,30.4073,1.50871,0.87087,75,Warning,12.91
B0043,38,3.4772,30.8318,1.50851,0.87075,74,Warning,12.92
B0043,39,3.48245,31.0708,1.50146,0.86668,73,Warning,13.33
B0043,40,3.48034,31.0385,1.49342,0.862039,72,Warning,13.8
B0043,41,3.47354,30.6255,1.4857,0.857583,71,Warning,14.24
B0043,88,3.46939,7.78485,1.54789,0.893481,24,Warning,10.65
B0043,89,3.48816,7.68455,1.57546,0.909399,23,Healthy,9.06
B0043,90,3.48835,7.72036,1.56567,0.903745,22,Healthy,9.63
B0043,91,3.48285,7.79501,1.55607,0.898203,21,Warning,10.18
B0043,92,3.47977,7.802,1.53821,0.887895,20,Warning,11.21
B0043,93,3.47236,7.88542,1.53049,0.883441,19,Warning,11.66
B0043,94,3.46397,7.87409,1.51274,0.873192,18,Warning,12.68
B0043,95,3.46217,7.84091,1.50478,0.868596,17,Warning,13.14
B0043,96,3.45698,7.86613,1.49343,0.862045,16,Warning,13.8
B0043,97,3.44749,7.94376,1.48338,0.856243,15,Warning,14.38
B0043,98,3.44583,8.0251,1.46932,0.848132,14,Warning,15.19
B0043,99,3.43588,7.90928,1.45961,0.842522,13,Warning,15.75
B0043,100,3.43937,7.97646,1.44684,0.835155,12,Warning,16.48
B0043,101,3.4376,7.96815,1.43201,0.826591,11,Warning,17.34
B0043,102,3.43272,7.91928,1.41712,0.818,10,Warning,18.2
B0043,103,3.43128,8.08785,1.40783,0.812638,9,Warning,18.74
B0043,104,3.42477,8.0151,1.39629,0.805974,8,Warning,19.4
B0043,105,3.42578,8.12949,1.389,0.801767,7,Warning,19.82
B0043,106,3.41992,8.08966,1.37859,0.795757,6,Critical,20.42
B0043,107,3.4199,8.1377,1.35949,0.784733,5,Critical,21.53
B0043,108,3.41029,8.24006,1.3571,0.783352,4,Critical,21.66
B0043,109,3.40742,8.195,1.3458,0.776829,3,Critical,22.32
B0043,110,3.41287,8.18931,1.3319,0.768807,2,Critical,23.12
B0043,111,3.40862,8.13947,1.31984,0.761848,1,Critical,23.82
B0043,112,3.40555,8.10989,1.30842,0.755253,0,Critical,24.47
B0044,1,3.44139,32.0353,1.68948,1,111,Healthy,0
B0044,2,3.45419,31.4042,1.66542,0.985756,110,Healthy,1.42
B0044,3,3.45379,31.11,1.6564,0.980419,109,Healthy,1.96
B0044,4,3.45677,31.0782,1.64828,0.975615,108,Healthy,2.44
B0044,5,3.46549,31.4441,1.63868,0.969933,107,Healthy,3.01
B0044,6,3.52684,30.9573,1.46031,0.864357,106,Warning,13.56
B0044,7,3.47037,31.5755,1.62977,0.96466,105,Healthy,3.53
B0044,8,3.46674,31.2473,1.61898,0.958271,104,Healthy,4.17
B0044,9,3.46558,31.0257,1.61061,0.953315,103,Healthy,4.67
B0044,10,3.46171,30.8411,1.60339,0.949044,102,Healthy,5.1
B0044,11,3.46188,30.7723,1.60093,0.947589,101,Healthy,5.24
B0044,12,3.45759,30.8087,1.58714,0.939424,100,Healthy,6.06
B0044,13,3.46121,30.6954,1.58474,0.938006,99,Healthy,6.2
B0044,14,3.46345,30.6672,1.5746,0.932,98,Healthy,6.8
B0044,15,3.46339,30.6114,1.56638,0.927136,97,Healthy,7.29
B0044,16,3.45981,30.6335,1.56384,0.925635,96,Healthy,7.44
B0044,17,3.45932,30.6628,1.5556,0.920759,95,Healthy,7.92
B0044,18,3.45919,30.6356,1.54765,0.916052,94,Healthy,8.39
B0044,19,3.4593,30.6452,1.53975,0.911377,93,Healthy,8.86
B0044,20,3.45498,30.67,1.53399,0.907963,92,Healthy,9.2
B0044,21,3.46143,31.2443,1.54847,0.916534,91,Healthy,8.35
B0044,22,3.46726,31.9782,1.54293,0.913254,90,Healthy,8.67
B0044,23,3.46795,32.1945,1.53379,0.907846,89,Healthy,9.22
B0044,24,3.46634,32.0856,1.52328,0.901627,88,Healthy,9.84
B0044,25,3.46056,31.9008,1.51697,0.89789,87,Warning,10.21
B0044,26,3.4614,31.7925,1.50458,0.890558,86,Warning,10.94
B0044,27,3.46285,32.1524,1.50573,0.89124,85,Warning,10.88
B0044,28,3.46274,32.6088,1.50146,0.888711,84,Warning,11.13
B0044,29,3.46076,32.4845,1.49404,0.884321,83,Warning,11.57
B0044,30,3.45655,32.3022,1.4878,0.880627,82,Warning,11.94
B0044,31,3.45422,32.1257,1.48117,0.8767,81,Warning,12.33
B0044,32,3.4552,31.6969,1.4698,0.869971,80,Warning,13
B0044,33,3.45217,32.1144,1.47577,0.873506,79,Warning,12.65
B0044,34,3.45044,32.0558,1.46803,0.868923,78,Warning,13.11
B0044,35,3.45167,31.6713,1.45028,0.858419,77,Warning,14.16
B0044,36,3.44867,31.4215,1.44256,0.853846,76,Warning,14.62
B0044,37,3.4425,31.5184,1.44248,0.853803,75,Warning,14.62
B0044,38,3.44594,31.8501,1.44213,0.853596,74,Warning,14.64
B0044,39,3.44945,32.1184,1.43485,0.849287,73,Warning,15.07
B0044,40,3.4465,32.1503,1.42647,0.844326,72,Warning,15.57
B0044,41,3.44344,31.7128,1.41854,0.839628,71,Warning,16.04
B0044,88,3.43896,7.82678,1.47996,0.875983,24,Warning,12.4
B0044,89,3.45835,7.72549,1.49618,0.885583,23,Warning,11.44
B0044,90,3.45675,7.77313,1.49006,0.881963,22,Warning,11.8
B0044,91,3.45337,7.84982,1.4769,0.874174,21,Warning,12.58
B0044,92,3.45365,7.86061,1.46247,0.865635,20,Warning,13.44
B0044,93,3.44647,7.92153,1.45446,0.860889,19,Warning,13.91
B0044,94,3.43653,7.89841,1.44577,0.855749,18,Warning,14.43
B0044,95,3.43856,7.82085,1.4321,0.84766,17,Warning,15.23
B0044,96,3.43693,7.83144,1.41608,0.838176,16,Warning,16.18
B0044,97,3.43456,7.87427,1.39943,0.828318,15,Warning,17.17
B0044,98,3.43122,7.96369,1.38865,0.821941,14,Warning,17.81
B0044,99,3.42389,7.82121,1.37459,0.813617,13,Warning,18.64
B0044,100,3.43158,7.87084,1.36204,0.806188,12,Warning,19.38
B0044,101,3.42942,7.87156,1.35089,0.79959,11,Critical,20.04
B0044,102,3.42891,7.7886,1.33558,0.790527,10,Critical,20.95
B0044,103,3.41507,8.0267,1.34091,0.793684,9,Critical,20.63
B0044,104,3.42021,7.88021,1.31756,0.779862,8,Critical,22.01
B0044,105,3.41573,8.02434,1.32513,0.784343,7,Critical,21.57
B0044,106,3.41352,7.99052,1.31096,0.775955,6,Critical,22.4
B0044,107,3.41772,8.01061,1.29198,0.764722,5,Critical,23.53
B0044,108,3.40877,8.12535,1.29536,0.766723,4,Critical,23.33
B0044,109,3.40921,8.01701,1.27748,0.756137,3,Critical,24.39
B0044,110,3.41049,8.01419,1.27082,0.752197,2,Critical,24.78
B0044,111,3.41147,7.94483,1.25881,0.745088,1,Critical,25.49
B0044,112,3.40682,7.89837,1.25085,0.740375,0,Critical,25.96
B0045,1,3.33112,9.55086,1.213,1,71,Healthy,0
B0045,2,3.32616,9.50161,1.07409,0.885479,70,Warning,11.45
B0045,3,3.34744,9.18234,1.0314,0.850287,69,Warning,14.97
B0045,4,3.3477,9.12569,1.00107,0.825278,68,Warning,17.47
B0045,5,3.35099,9.12916,0.976701,0.805192,67,Warning,19.48
B0045,6,3.34909,9.15711,0.95702,0.788967,66,Critical,21.1
B0045,7,3.33592,9.33374,0.933903,0.769909,65,Critical,23.01
B0045,8,3.35386,9.40652,0.951697,0.784579,64,Critical,21.54
B0045,9,3.36019,9.33299,0.934973,0.770791,63,Critical,22.92
B0045,10,3.35233,9.44491,0.918239,0.756995,62,Critical,24.3
B0045,11,3.36904,9.42684,0.904716,0.745847,61,Critical,25.42
B0045,12,3.36768,9.36997,0.899613,0.741641,60,Critical,25.84
B0045,13,3.32791,9.34071,0.917316,0.756234,59,Critical,24.38
B0045,14,3.35032,9.30207,0.933792,0.769818,58,Critical,23.02
B0045,15,3.35933,9.31741,0.917736,0.756581,57,Critical,24.34
B0045,16,3.36959,9.2637,0.896734,0.739267,56,Critical,26.07
B0045,17,3.35892,9.34003,0.882674,0.727676,55,Critical,27.23
B0045,18,3.36203,9.30056,0.875081,0.721416,54,Critical,27.86
B0045,19,3.35885,9.22281,0.86499,0.713097,53,Critical,28.69
B0045,21,3.3787,9.09533,0.867836,0.715444,51,Critical,28.46
B0045,22,3.34949,9.3666,0.85448,0.704432,50,Critical,29.56
B0045,23,3.35737,9.32504,0.846275,0.697668,49,Critical,30.23
B0045,24,3.34915,9.38605,0.841987,0.694134,48,Critical,30.59
B0045,25,3.34778,9.4706,0.83947,0.692059,47,Critical,30.79
B0045,26,3.36707,9.2508,0.826502,0.681367,46,Critical,31.86
B0045,27,3.36227,9.16167,0.82387,0.679198,45,Critical,32.08
B0045,28,3.34196,9.47966,0.82277,0.678291,44,Critical,32.17
B0045,29,3.34989,9.34564,0.811631,0.669108,43,Critical,33.09
B0045,30,3.36969,9.24707,0.818196,0.67452,42,Critical,32.55
B0045,31,3.34713,9.43719,0.818316,0.674619,41,Critical,32.54
B0045,32,3.35601,9.32662,0.810112,0.667856,40,Critical,33.21
B0045,33,3.34688,9.40763,0.810657,0.668305,39,Critical,33.17
B0045,34,3.32499,9.38955,0.819484,0.675582,38,Critical,32.44
B0045,35,3.35941,9.34929,0.850256,0.700951,37,Critical,29.9
B0045,36,3.33276,9.44154,0.847314,0.698525,36,Critical,30.15
B0045,37,3.35591,9.35923,0.825228,0.680317,35,Critical,31.97
B0045,38,3.35179,9.27439,0.812129,0.669519,34,Critical,33.05
B0045,39,3.33197,9.4297,0.820109,0.676098,33,Critical,32.39
B0045,40,3.3461,9.39488,0.797478,0.65744,32,Critical,34.26
B0045,41,3.34289,9.43076,0.804874,0.663537,31,Critical,33.65
B0045,42,3.35492,9.22484,0.773876,0.637983,30,Critical,36.2
B0045,43,3.34436,9.40383,0.790475,0.651667,29,Critical,34.83
B0045,44,3.33453,9.50088,0.780764,0.643662,28,Critical,35.63
B0045,45,3.3175,9.56218,0.788526,0.65006,27,Critical,34.99
B0045,46,3.34085,9.26144,0.779495,0.642615,26,Critical,35.74
B0045,47,3.30746,9.66258,0.784165,0.646465,25,Critical,35.35
B0045,48,3.33972,9.43016,0.777216,0.640736,24,Critical,35.93
B0045,49,3.33018,9.45057,0.768152,0.633264,23,Critical,36.67
B0045,50,3.31591,9.58196,0.769341,0.634245,22,Critical,36.58
B0045,51,3.32654,9.56425,0.773021,0.637278,21,Critical,36.27
B0045,52,3.32086,9.51209,0.772465,0.63682,20,Critical,36.32
B0045,53,3.33553,9.34014,0.757515,0.624495,19,Critical,37.55
B0045,54,3.24545,10.1172,0.760854,0.627247,18,Critical,37.28
B0045,55,3.30956,9.39893,0.774797,0.638742,17,Critical,36.13
B0045,56,3.31999,9.64985,0.810235,0.667957,16,Critical,33.2
B0045,57,3.3226,9.60817,0.799317,0.658956,15,Critical,34.1
B0045,58,3.3008,9.65154,0.779806,0.642871,14,Critical,35.71
B0045,59,3.33249,9.51641,0.773605,0.63776,13,Critical,36.22
B0045,60,3.31362,9.7004,0.774388,0.638405,12,Critical,36.16
B0045,61,3.28895,9.6784,0.746906,0.615749,11,Critical,38.43
B0045,62,3.31937,9.5338,0.74866,0.617195,10,Critical,38.28
B0045,63,3.32846,9.61291,0.766803,0.632152,9,Critical,36.78
B0045,64,3.30784,9.70312,0.767796,0.63297,8,Critical,36.7
B0045,65,3.31536,9.59269,0.752795,0.620604,7,Critical,37.94
B0045,67,3.26952,9.77299,0.771744,0.636226,5,Critical,36.38
B0045,68,3.3283,9.52126,0.789296,0.650695,4,Critical,34.93
B0045,69,3.34093,9.50948,0.775491,0.639315,3,Critical,36.07
B0045,70,3.32055,9.51623,0.761734,0.627973,2,Critical,37.2
B0045,71,3.31273,9.69582,0.756496,0.623655,1,Critical,37.63
B0045,72,3.3113,9.55973,0.749301,0.617723,0,Critical,38.23
B0046,1,3.44096,9.03589,1.79818,1,71,Healthy,0
B0046,2,3.42525,8.87211,1.57811,0.877614,70,Warning,12.24
B0046,3,3.42412,8.63384,1.56405,0.869795,69,Warning,13.02
B0046,4,3.42361,8.63136,1.54819,0.860974,68,Warning,13.9
B0046,5,3.42115,8.67697,1.53579,0.854078,67,Warning,14.59
B0046,6,3.41821,8.71476,1.52549,0.848351,66,Warning,15.16
B0046,7,3.3896,8.95216,1.52496,0.848059,65,Warning,15.19
B0046,8,3.40335,8.96528,1.52976,0.850725,64,Warning,14.93
B0046,9,3.40899,8.85708,1.51129,0.840457,63,Warning,15.95
B0046,10,3.40534,8.95119,1.49949,0.83389,62,Warning,16.61
B0046,11,3.40325,8.96616,1.48759,0.827272,61,Warning,17.27
B0046,12,3.39677,8.97293,1.47976,0.822921,60,Warning,17.71
B0046,13,3.3722,9.0328,1.49888,0.833555,59,Warning,16.64
B0046,14,3.39621,8.86661,1.50975,0.8396,58,Warning,16.04
B0046,15,3.39897,8.91722,1.49452,0.831132,57,Warning,16.89
B0046,16,3.39568,8.93451,1.474,0.819717,56,Warning,18.03
B0046,17,3.39034,9.00045,1.46536,0.814911,55,Warning,18.51
B0046,18,3.38756,9.01672,1.45289,0.807977,54,Warning,19.2
B0046,19,3.37559,8.99959,1.44254,0.802223,53,Warning,19.78
B0046,21,3.37714,9.07358,1.49101,0.82918,51,Warning,17.08
B0046,22,3.37391,9.0357,1.42468,0.792287,50,Critical,20.77
B0046,23,3.37304,9.04285,1.41065,0.78449,49,Critical,21.55
B0046,24,3.36181,9.10348,1.4036,0.780569,48,Critical,21.94
B0046,25,3.3676,9.08627,1.39405,0.775255,47,Critical,22.47
B0046,26,3.36196,9.11349,1.38513,0.770298,46,Critical,22.97
B0046,27,3.36077,8.97748,1.36981,0.761776,45,Critical,23.82
B0046,28,3.35813,9.20552,1.36473,0.758953,44,Critical,24.1
B0046,29,3.34541,9.15397,1.36088,0.756811,43,Critical,24.32
B0046,30,3.3538,9.11135,1.34997,0.75074,42,Critical,24.93
B0046,31,3.35066,9.16382,1.34023,0.745327,41,Critical,25.47
B0046,32,3.34905,9.16533,1.32894,0.739045,40,Critical,26.1
B0046,33,3.34216,9.19131,1.32591,0.737363,39,Critical,26.26
B0046,34,3.3205,9.27416,1.37204,0.763017,38,Critical,23.7
B0046,35,3.34926,9.27198,1.39544,0.776027,37,Critical,22.4
B0046,36,3.35745,9.03399,1.36499,0.759097,36,Critical,24.09
B0046,37,3.35353,9.17212,1.35149,0.751589,35,Critical,24.84
B0046,38,3.34707,9.09337,1.33927,0.744793,34,Critical,25.52
B0046,39,3.3485,9.11993,1.32305,0.735773,33,Critical,26.42
B0046,40,3.33282,9.18535,1.32117,0.734727,32,Critical,26.53
B0046,41,3.34377,9.15697,1.30364,0.724975,31,Critical,27.5
B0046,42,3.33677,9.08775,1.29346,0.719318,30,Critical,28.07
B0046,43,3.33306,9.18446,1.28816,0.716369,29,Critical,28.36
B0046,44,3.32538,9.2407,1.27424,0.708626,28,Critical,29.14
B0046,45,3.31924,9.1946,1.27185,0.7073,27,Critical,29.27
B0046,46,3.32736,9.04666,1.26238,0.702032,26,Critical,29.8
B0046,47,3.32596,9.26196,1.25642,0.698715,25,Critical,30.13
B0046,48,3.32224,9.25299,1.25096,0.695681,24,Critical,30.43
B0046,49,3.32316,9.27731,1.24126,0.690289,23,Critical,30.97
B0046,50,3.31148,9.33113,1.23939,0.689246,22,Critical,31.08
B0046,51,3.31704,9.26682,1.23254,0.685438,21,Critical,31.46
B0046,52,3.3145,9.20992,1.22334,0.680318,20,Critical,31.97
B0046,53,3.31593,9.17214,1.21335,0.674763,19,Critical,32.52
B0046,55,3.29383,9.2736,1.32769,0.738353,17,Critical,26.16
B0046,56,3.32059,9.31164,1.30606,0.726321,16,Critical,27.37
B0046,57,3.33214,9.3065,1.28288,0.713434,15,Critical,28.66
B0046,58,3.32731,9.37282,1.26817,0.705251,14,Critical,29.47
B0046,59,3.3264,9.56598,1.26309,0.702429,13,Critical,29.76
B0046,60,3.32408,9.61325,1.2523,0.696425,12,Critical,30.36
B0046,61,3.28755,9.67069,1.26165,0.701625,11,Critical,29.84
B0046,62,3.31237,9.66007,1.27461,0.708835,10,Critical,29.12
B0046,63,3.32027,9.61073,1.25555,0.698232,9,Critical,30.18
B0046,64,3.322,9.50961,1.23625,0.687503,8,Critical,31.25
B0046,65,3.317,9.55377,1.23056,0.684335,7,Critical,31.57
B0046,67,3.30483,9.68933,1.36216,0.757523,5,Critical,24.25
B0046,68,3.32094,9.5566,1.30104,0.723531,4,Critical,27.65
B0046,69,3.33091,9.49892,1.28132,0.712567,3,Critical,28.74
B0046,70,3.32231,9.54052,1.27324,0.70807,2,Critical,29.19
B0046,71,3.32652,9.51983,1.25167,0.696077,1,Critical,30.39
B0046,72,3.32566,9.50863,1.24169,0.690527,0,Critical,30.95
B0047,1,3.47369,8.27663,1.70598,1,71,Healthy,0
B0047,2,3.47656,8.21072,1.54859,0.907741,70,Healthy,9.23
B0047,3,3.47077,7.95445,1.53237,0.898232,69,Warning,10.18
B0047,4,3.46824,7.98016,1.51171,0.886123,68,Warning,11.39
B0047,5,3.46106,8.01712,1.4953,0.876506,67,Warning,12.35
B0047,6,3.45975,8.02812,1.47711,0.865841,66,Warning,13.42
B0047,7,3.4391,8.16064,1.47412,0.864088,65,Warning,13.59
B0047,8,3.4481,8.2309,1.4632,0.857687,64,Warning,14.23
B0047,9,3.44967,8.14694,1.44385,0.846346,63,Warning,15.37
B0047,10,3.44491,8.25189,1.42838,0.837276,62,Warning,16.27
B0047,11,3.44183,8.23497,1.41319,0.82837,61,Warning,17.16
B0047,12,3.43447,8.26924,1.4013,0.821404,60,Warning,17.86
B0047,13,3.43069,8.22565,1.43848,0.843196,59,Warning,15.68
B0047,14,3.44208,8.16127,1.43444,0.84083,58,Warning,15.92
B0047,15,3.44247,8.25301,1.41547,0.829707,57,Warning,17.03
B0047,16,3.43195,8.29855,1.3992,0.820169,56,Warning,17.98
B0047,17,3.43275,8.31811,1.37851,0.808044,55,Warning,19.2
B0047,18,3.42754,8.29742,1.36177,0.798235,54,Critical,20.18
B0047,19,3.41711,8.32014,1.34788,0.790092,53,Critical,20.99
B0047,21,3.41439,8.3875,1.37223,0.804365,51,Warning,19.56
B0047,22,3.41882,8.29181,1.32169,0.774735,50,Critical,22.53
B0047,23,3.41483,8.30671,1.31086,0.768391,49,Critical,23.16
B0047,24,3.40959,8.40176,1.29697,0.760246,48,Critical,23.98
B0047,25,3.40562,8.39672,1.29528,0.75926,47,Critical,24.07
B0047,26,3.40715,8.40663,1.27856,0.749457,46,Critical,25.05
B0047,27,3.40265,8.28763,1.26711,0.742745,45,Critical,25.73
B0047,28,3.39874,8.4919,1.26145,0.739426,44,Critical,26.06
B0047,29,3.39446,8.4297,1.25138,0.733523,43,Critical,26.65
B0047,30,3.3896,8.43978,1.25086,0.733217,42,Critical,26.68
B0047,31,3.38863,8.46982,1.24093,0.7274,41,Critical,27.26
B0047,32,3.39327,8.4592,1.2256,0.718411,40,Critical,28.16
B0047,33,3.38346,8.48922,1.22393,0.717434,39,Critical,28.26
B0047,34,3.38447,8.47706,1.29781,0.760743,38,Critical,23.93
B0047,35,3.4021,8.55313,1.30256,0.763524,37,Critical,23.65
B0047,36,3.40488,8.33595,1.2805,0.750594,36,Critical,24.94
B0047,37,3.39774,8.48147,1.26732,0.742868,35,Critical,25.71
B0047,38,3.39209,8.41711,1.25082,0.733197,34,Critical,26.68
B0047,39,3.39555,8.46567,1.23396,0.723313,33,Critical,27.67
B0047,40,3.38471,8.50095,1.22838,0.720042,32,Critical,28
B0047,41,3.37958,8.53954,1.22746,0.7195,31,Critical,28.05
B0047,42,3.38081,8.42061,1.20934,0.708881,30,Critical,29.11
B0047,43,3.38203,8.51216,1.19988,0.703336,29,Critical,29.67
B0047,44,3.37642,8.54603,1.19395,0.699862,28,Critical,30.01
B0047,45,3.3729,8.44125,1.18725,0.695935,27,Critical,30.41
B0047,46,3.37864,8.33439,1.17809,0.690566,26,Critical,30.94
B0047,47,3.37017,8.54898,1.18043,0.691932,25,Critical,30.81
B0047,48,3.36792,8.54564,1.17476,0.68861,24,Critical,31.14
B0047,49,3.37279,8.51192,1.1633,0.681893,23,Critical,31.81
B0047,50,3.35726,8.57902,1.17085,0.686319,22,Critical,31.37
B0047,51,3.36662,8.51156,1.15579,0.67749,21,Critical,32.25
B0047,52,3.35782,8.50943,1.15898,0.679364,20,Critical,32.06
B0047,53,3.36864,8.4456,1.14091,0.668768,19,Critical,33.12
B0047,55,3.37249,8.47657,1.234,0.723339,17,Critical,27.67
B0047,56,3.38253,8.55444,1.23629,0.724677,16,Critical,27.53
B0047,57,3.38394,8.60214,1.22582,0.718544,15,Critical,28.15
B0047,58,3.3834,8.71755,1.20743,0.707762,14,Critical,29.22
B0047,59,3.38414,9.00353,1.20218,0.704687,13,Critical,29.53
B0047,60,3.38278,9.02853,1.19104,0.698153,12,Critical,30.18
B0047,61,3.36196,9.03736,1.19787,0.702158,11,Critical,29.78
B0047,62,3.37617,9.08214,1.20466,0.706139,10,Critical,29.39
B0047,63,3.38032,9.03974,1.19432,0.700074,9,Critical,29.99
B0047,64,3.37627,8.97447,1.18364,0.693816,8,Critical,30.62
B0047,65,3.37447,9.03688,1.17403,0.688185,7,Critical,31.18
B0047,67,3.38508,9.09539,1.26127,0.739324,5,Critical,26.07
B0047,68,3.39009,9.00906,1.23891,0.726216,4,Critical,27.38
B0047,69,3.39199,8.95805,1.22558,0.7184,3,Critical,28.16
B0047,70,3.38355,8.98212,1.2133,0.711205,2,Critical,28.88
B0047,71,3.38382,9.03715,1.19863,0.702602,1,Critical,29.74
B0047,72,3.38188,9.00904,1.18852,0.696679,0,Critical,30.33
B0048,1,3.46533,7.89527,1.66017,1,71,Healthy,0
B0048,2,3.4562,7.96814,1.50585,0.907049,70,Healthy,9.3
B0048,3,3.45547,7.70823,1.50096,0.904102,69,Healthy,9.59
B0048,4,3.45785,7.70934,1.48038,0.891704,68,Warning,10.83
B0048,5,3.4562,7.73284,1.46652,0.88336,67,Warning,11.66
B0048,6,3.4523,7.71927,1.45302,0.875225,66,Warning,12.48
B0048,7,3.43662,7.85056,1.4538,0.875698,65,Warning,12.43
B0048,8,3.44521,7.89243,1.44646,0.871276,64,Warning,12.87
B0048,9,3.44602,7.83927,1.43737,0.865801,63,Warning,13.42
B0048,10,3.4441,7.90009,1.4193,0.854915,62,Warning,14.51
B0048,11,3.44186,7.92901,1.40779,0.847984,61,Warning,15.2
B0048,12,3.43941,7.94649,1.39236,0.83869,60,Warning,16.13
B0048,13,3.42826,7.88536,1.42177,0.856405,59,Warning,14.36
B0048,14,3.44073,7.80465,1.42115,0.85603,58,Warning,14.4
B0048,15,3.44331,7.86528,1.40636,0.84712,57,Warning,15.29
B0048,16,3.43559,7.87807,1.3937,0.839492,56,Warning,16.05
B0048,17,3.43345,7.87868,1.37711,0.829501,55,Warning,17.05
B0048,18,3.43265,7.89945,1.3592,0.818711,54,Warning,18.13
B0048,19,3.42588,7.89911,1.34615,0.81085,53,Warning,18.92
B0048,21,3.42275,7.93474,1.37451,0.827937,51,Warning,17.21
B0048,22,3.4278,7.86097,1.32051,0.795407,50,Critical,20.46
B0048,23,3.42423,7.88432,1.31344,0.79115,49,Critical,20.88
B0048,24,3.41775,7.94135,1.29919,0.782566,48,Critical,21.74
B0048,25,3.41717,7.97486,1.30165,0.784047,47,Critical,21.6
B0048,26,3.41507,7.95414,1.28482,0.773911,46,Critical,22.61
B0048,27,3.41141,7.85604,1.27743,0.769461,45,Critical,23.05
B0048,28,3.40584,8.01458,1.2757,0.768416,44,Critical,23.16
B0048,29,3.40453,7.95154,1.26158,0.759914,43,Critical,24.01
B0048,30,3.40292,8.00819,1.2653,0.762151,42,Critical,23.78
B0048,31,3.40559,8.02784,1.25133,0.753738,41,Critical,24.63
B0048,32,3.40487,7.99716,1.23617,0.744603,40,Critical,25.54
B0048,33,3.39736,8.04493,1.24224,0.748264,39,Critical,25.17
B0048,34,3.40078,8.0035,1.3058,0.786548,38,Critical,21.35
B0048,35,3.40938,8.0701,1.31981,0.794989,37,Critical,20.5
B0048,36,3.41537,7.87994,1.291,0.777636,36,Critical,22.24
B0048,37,3.40748,8.03249,1.28983,0.776931,35,Critical,22.31
B0048,38,3.40474,7.91915,1.26949,0.764675,34,Critical,23.53
B0048,39,3.40687,7.98892,1.24857,0.752074,33,Critical,24.79
B0048,40,3.3961,7.9983,1.25348,0.755031,32,Critical,24.5
B0048,41,3.39892,8.02107,1.25015,0.753024,31,Critical,24.7
B0048,42,3.39444,7.95849,1.23224,0.74224,30,Critical,25.78
B0048,43,3.39405,7.95088,1.22656,0.738815,29,Critical,26.12
B0048,44,3.3931,8.01121,1.22082,0.735358,28,Critical,26.46
B0048,45,3.38873,7.96368,1.20176,0.72388,27,Critical,27.61
B0048,46,3.39627,7.81571,1.19694,0.720974,26,Critical,27.9
B0048,47,3.38922,8.03297,1.20737,0.727261,25,Critical,27.27
B0048,48,3.3838,8.03628,1.19349,0.718898,24,Critical,28.11
B0048,49,3.38863,8.02443,1.19104,0.717421,23,Critical,28.26
B0048,50,3.37892,8.07636,1.19372,0.719038,22,Critical,28.1
B0048,51,3.39108,7.97021,1.17484,0.707662,21,Critical,29.23
B0048,52,3.37994,7.96044,1.18626,0.714544,20,Critical,28.55
B0048,53,3.38778,7.90155,1.1599,0.698663,19,Critical,30.13
B0048,55,3.39143,7.91693,1.26156,0.759902,17,Critical,24.01
B0048,56,3.39765,8.0142,1.26805,0.763811,16,Critical,23.62
B0048,57,3.40377,8.02892,1.24942,0.752586,15,Critical,24.74
B0048,58,3.40289,8.07764,1.23759,0.745459,14,Critical,25.45
B0048,59,3.39902,8.27195,1.23672,0.744935,13,Critical,25.51
B0048,60,3.40073,8.27826,1.22296,0.736651,12,Critical,26.33
B0048,61,3.38783,8.2756,1.22973,0.740726,11,Critical,25.93
B0048,62,3.39283,8.33488,1.24348,0.749008,10,Critical,25.1
B0048,63,3.3966,8.32568,1.23053,0.741209,9,Critical,25.88
B0048,64,3.40071,8.24203,1.21175,0.729897,8,Critical,27.01
B0048,65,3.39248,8.29776,1.21298,0.730638,7,Critical,26.94
B0048,67,3.40079,8.30984,1.30472,0.785899,5,Critical,21.41
B0048,68,3.40809,8.23277,1.27133,0.765787,4,Critical,23.42
B0048,69,3.41173,8.19281,1.26033,0.759161,3,Critical,24.08
B0048,70,3.40768,8.22882,1.25419,0.755462,2,Critical,24.45
B0048,71,3.40099,8.25247,1.23528,0.744071,1,Critical,25.59
B0048,72,3.40675,8.21937,1.22533,0.738078,0,Critical,26.19
B0049,1,3.05337,13.0529,0.952822,1,24,Healthy,0
B0049,16,3.05561,12.3355,0.968255,1.0162,9,Healthy,-1.62
B0049,19,3.1976,12.7781,0.944185,0.990936,6,Healthy,0.91
B0049,20,3.0487,12.4317,0.940153,0.986704,5,Healthy,1.33
B0049,22,3.02945,12.375,0.902022,0.946684,3,Healthy,5.33
B0049,23,2.97723,13.146,0.966209,1.01405,2,Healthy,-1.41
B0049,24,3.02211,12.4198,0.89755,0.941991,1,Healthy,5.8
B0049,25,2.9635,13.2147,0.950344,0.997399,0,Healthy,0.26
B0050,1,3.05806,14.106,0.941294,1,14,Healthy,0
B0050,15,3.20017,12.1633,0.622372,0.661187,0,Critical,33.88
B0051,1,3.14738,13.5599,0.687723,1,0,Healthy,0
B0052,1,3.10598,13.147,0.857893,1,0,Healthy,0
B0053,1,3.08284,11.9886,1.30808,1,54,Healthy,0
B0053,10,3.09513,12.2452,1.35932,1.03917,45,Healthy,-3.92
B0053,11,3.07283,12.2274,1.36974,1.04714,44,Healthy,-4.71
B0053,12,3.09925,12.1631,1.34147,1.02553,43,Healthy,-2.55
B0053,13,3.076,12.2925,1.36043,1.04002,42,Healthy,-4
B0053,14,3.0715,12.1557,1.34818,1.03065,41,Healthy,-3.07
B0053,15,3.09083,12.3646,1.34219,1.02608,40,Healthy,-2.61
B0053,16,3.07055,12.1283,1.34605,1.02903,39,Healthy,-2.9
B0053,17,3.08746,12.3021,1.33409,1.01989,38,Healthy,-1.99
B0053,18,3.06613,12.4046,1.34762,1.03023,37,Healthy,-3.02
B0053,19,3.06488,12.1334,1.33786,1.02276,36,Healthy,-2.28
B0053,20,3.09206,12.1468,1.31142,1.00256,35,Healthy,-0.26
B0053,21,3.06975,12.527,1.33984,1.02428,34,Healthy,-2.43
B0053,22,3.06365,12.2124,1.35989,1.03961,33,Healthy,-3.96
B0053,23,3.08174,12.5338,1.36125,1.04065,32,Healthy,-4.06
B0053,24,3.07127,12.1575,1.34334,1.02696,31,Healthy,-2.7
B0053,25,3.07199,12.5333,1.34341,1.02701,30,Healthy,-2.7
B0053,26,3.08172,12.1298,1.31459,1.00498,29,Healthy,-0.5
B0053,27,3.06562,12.4376,1.3323,1.01852,28,Healthy,-1.85
B0053,28,3.07845,12.5,1.32178,1.01048,27,Healthy,-1.05
B0053,29,3.05685,12.4478,1.33243,1.01862,26,Healthy,-1.86
B0053,30,3.07067,12.1268,1.30429,0.997104,25,Healthy,0.29
B0053,31,3.05734,12.5612,1.30657,0.998845,24,Healthy,0.12
B0053,32,3.0536,12.1695,1.30586,0.998301,23,Healthy,0.17
B0053,33,3.04576,12.4394,1.31422,1.00469,22,Healthy,-0.47
B0053,34,3.07726,12.1945,1.28926,0.985614,21,Healthy,1.44
B0053,35,3.07643,12.3247,1.29306,0.98852,20,Healthy,1.15
B0053,36,3.06763,12.4904,1.29584,0.990646,19,Healthy,0.94
B0053,37,3.05863,12.4932,1.30018,0.993965,18,Healthy,0.6
B0053,38,3.05966,12.5309,1.30219,0.995502,17,Healthy,0.45
B0053,39,3.05458,12.4997,1.29959,0.99351,16,Healthy,0.65
B0053,40,3.05069,12.2331,1.29044,0.986516,15,Healthy,1.35
B0053,41,3.06463,12.4129,1.2831,0.980908,14,Healthy,1.91
B0053,42,3.0516,12.6163,1.29563,0.990481,13,Healthy,0.95
B0053,45,3.05929,12.5681,1.36194,1.04118,10,Healthy,-4.12
B0053,46,3.09332,12.5504,1.33681,1.02196,9,Healthy,-2.2
B0053,47,3.07494,12.4324,1.33436,1.02009,8,Healthy,-2.01
B0053,48,3.06773,12.5166,1.33216,1.01841,7,Healthy,-1.84
B0053,49,3.0579,12.4165,1.32159,1.01033,6,Healthy,-1.03
B0053,50,3.06963,12.8644,1.32863,1.01571,5,Healthy,-1.57
B0053,51,3.07747,12.4529,1.30577,0.998233,4,Healthy,0.18
B0053,52,3.06565,12.7172,1.31592,1.00599,3,Healthy,-0.6
B0053,53,3.08159,12.5135,1.29515,0.99012,2,Healthy,0.99
B0053,54,3.08008,12.5309,1.2928,0.98832,1,Healthy,1.17
B0053,55,3.06381,12.9003,1.31281,1.00362,0,Healthy,-0.36
B0054,1,3.20598,12.4892,0.853855,1,0,Healthy,0
B0055,1,3.15335,12.2072,0.854758,1,0,Healthy,0
B0056,1,3.24161,10.3344,0.794083,1,0,Healthy,0
